tree
version=v4
num_class=1
num_tree_per_iteration=1
label_index=0
max_feature_idx=23
objective=binary sigmoid:1
feature_names=hours_to_pickup_end hours_since_posted lead_time_hours pickup_window_hours quantity_units notes_length donor_verified donor_lat donor_lng posted_hour posted_dow as_of_hour as_of_dow pickup_end_hour donor_prior_listings donor_prior_claim_rate donor_prior_completion_rate donor_prior_cancel_rate donor_hours_since_last_post donor_median_claim_latency recipients_within_5km recipients_within_15km open_listings_within_15km claims_within_15km_prior_7d
feature_infos=[4.9506111111111106e-05:86.150161748333346] [0:58.367414615833333] [0.037249992500000002:69.684591089999998] [1:72] [1:354] [0:1019] [0:1] [41.505155999999999:42.442379000000003] [-88.398613999999995:-87.307407999999995] [0:23] [0:6] [0:23] [0:6] [0:23] [0:595] [0:1] [0:1] [0:1] [0.00027777777777777778:1061.2333333333333] [0.00087133194444444445:22.866472379166666] [0:107] [0:351] [0:170] [0:3239]
tree_sizes=3471 3437 3455 3451 3459 3464 3478 3481 3472 3475 3474 3488 3488 3495 3488 3485 3502 3493 3491 3500 3499 3498 3502 3504 3517 3505 3494 3510 3496 3514 3507 3502 3505 3515 3515 3509 3517 3504 3526 3516 3498 3513 3507 3497 3508 3511 3496 3506 3478 3517 3510 3502 3485 3493 3523

Tree=0
num_leaves=31
num_cat=0
split_feature=0 15 1 11 0 11 21 11 11 0 21 15 11 21 11 21 0 11 0 11 0 0 11 11 11 15 16 11 0 11
split_gain=44299.8 21301.3 11201.8 9418.06 13201.1 9115.89 4892.35 4401.07 7057.48 5863.98 6470.39 1815.84 1757.86 2705.18 1641.28 1639.38 1568.71 1472.64 1329.95 1289.54 1145.31 948.242 1089.13 581.814 578.464 492.22 451.066 429.265 413.53 554.078
threshold=5.7470436276388899 0.48156642881413531 1.9926949459722223 19.500000000000004 9.5504710916666671 19.500000000000004 18.500000000000004 2.5000000000000004 19.500000000000004 2.2873431705555558 14.500000000000002 0.27110723903057188 5.5000000000000009 18.500000000000004 3.5000000000000004 18.500000000000004 4.0629722944444451 3.5000000000000004 11.539071570833334 15.500000000000002 0.77246326416666677 8.0750379622222237 22.500000000000004 20.500000000000004 20.500000000000004 0.33150183150183155 0.37537878787878792 14.500000000000002 10.600719235833335 21.500000000000004
decision_type=2 8 2 2 2 2 2 2 2 2 2 10 2 2 2 2 2 2 2 2 2 2 2 2 2 8 8 2 2 2
left_child=2 11 5 15 21 6 26 -4 9 12 25 -2 -9 -14 16 27 -12 -8 19 -13 -15 24 -23 -7 -5 -11 -1 -3 29 -6
right_child=1 3 7 4 28 23 17 8 -10 10 14 18 13 20 -16 -17 -18 -19 -20 -21 -22 22 -24 -25 -26 -27 -28 -29 -30 -31
leaf_value=0.025513503699313281 0.0070610682666488178 -0.22501157021266949 0.086765090627861932 -0.036335515890404457 -0.087117378148958508 -0.023446390044204707 0.060163768835517564 0.083803765216802092 0.089919920571796721 0.037047573024404021 0.052946077381753567 -0.12032050001498643 0.049956482205857175 -0.020007216626530558 -0.25621133990412709 -0.2877073506703699 -0.26802954361826181 -0.27352019838038888 -0.17542013618842894 0.026470809922023289 -0.22319101970892402 -0.0043940421945200675 -0.25847562719213735 0.098036190658669323 0.088021758670323955 -0.053523153172159464 -0.099893780219074663 -0.1282564100639258 -0.29409902036506624 -0.29538979678489435
leaf_weight=679.78727853298187 3499.8578911274672 1405.6745008081198 5900.0452323406935 496.3842591047287 245.20186293125153 586.0922577381134 137.30307568609715 2290.5442317724228 4521.7815088927746 1292.0443692058325 377.02278314530849 1239.7147033363581 1620.2261308729649 438.82162664830685 2613.9914046227932 15972.010778903961 255.41860722005367 3600.5302007049322 1289.0541025847197 1156.98399348557 754.29475517570972 712.68021136522293 221.0305410772562 1204.3298816531897 1517.8094990998507 1120.3532273769379 496.13507021963596 680.53484518826008 2552.6909388899803 266.63210704922676
leaf_count=2728 14045 5641 23677 1992 984 2352 551 9192 18146 5185 1513 4975 6502 1761 10490 64096 1025 14449 5173 4643 3027 2860 887 4833 6091 4496 1991 2731 10244 1070
internal_value=-0.11387 -0.19562 -0.022249 -0.240725 -0.13232 -0.134908 -0.205296 0.0134037 -0.0149148 -0.0589595 -0.12906 -0.0445265 0.0187633 -0.0341909 -0.221237 -0.276818 -0.0766836 -0.261263 -0.0935122 -0.0494584 -0.148461 0.0187595 -0.0645409 0.058269 0.0573748 -0.00501482 -0.0273973 -0.193449 -0.27765 -0.195614
internal_weight=59145 31256.3 27888.7 24070.6 6012.43 6704.18 4913.76 21184.5 15284.5 10762.7 5658.83 7185.61 5103.89 2813.34 3246.43 18058.2 632.441 3737.83 3685.75 2396.7 1193.12 2947.9 933.711 1790.42 2014.19 2412.4 1175.92 2086.21 3064.52 511.834
internal_count=237350 125432 111918 96596 24128 26904 19719 85014 61337 43191 22709 28836 20482 11290 13028 72468 2538 15000 14791 9618 4788 11830 3747 7185 8083 9681 4719 8372 12298 2054
is_linear=0
shrinkage=1


Tree=1
num_leaves=31
num_cat=0
split_feature=13 20 0 20 0 0 1 11 13 15 9 11 0 0 20 11 0 0 11 15 11 0 15 0 1 9 11 16 11 23
split_gain=46290.9 29869 20367.9 5294.94 4947.34 3988.63 3713.9 3583.23 3023.29 2926.56 2325.43 1268.68 767.626 762.69 697.623 677.299 664.826 570.818 1201.33 511.678 449.247 447.792 421.045 411.541 402.143 947.941 400.352 378.515 327.818 326.666
threshold=6.5000000000000009 5.5000000000000009 7.8252403341666676 6.5000000000000009 1.8864176383333335 4.9784031406944456 0.97763248083333332 19.500000000000004 7.5000000000000009 0.31627983000980714 19.500000000000004 20.500000000000004 11.212284236250001 10.410658213611113 6.5000000000000009 7.5000000000000009 13.561394684305556 3.8408708237500004 19.500000000000004 0.17673086933888602 20.500000000000004 0.66351749847222241 0.30195010763581115 9.6321171944444455 1.9926949459722223 18.500000000000004 20.500000000000004 0.2310870947234584 18.500000000000004 132.50000000000003
decision_type=2 2 2 2 2 2 2 2 2 8 2 2 2 2 2 2 2 2 2 10 2 2 8 2 2 2 2 8 2 2
left_child=2 5 6 16 11 15 10 28 12 19 14 21 -6 26 -1 22 -4 18 -10 -7 -12 -3 -2 -11 25 29 -9 -18 -5 -8
right_child=1 4 3 7 8 9 24 13 17 23 20 -13 -14 -15 -16 -17 27 -19 -20 -21 -22 -23 -24 -25 -26 -27 -28 -29 -30 -31
leaf_value=0.12248972352046324 0.12391429091778142 0.076374893633637045 0.11971709417645802 -0.16480257957597802 0.00035044602996388546 0.1173588253799724 0.13542704427236404 0.046267385940732778 -0.14304931286228953 -0.022645046819948195 0.068147304633360481 0.19132612838689664 -0.15751596186846828 -0.14290752007986626 -0.097415305342358302 0.14278944573127514 0.09658204068452203 -0.17103391367891807 0.085095447689235687 0.036577042082436846 0.19146500897729085 -0.05558084195005273 -0.0080162893785827305 -0.090842768900484233 0.18704700052654721 0.17553822303874078 0.19855420883599725 -0.07538482716856848 -0.076447741578664546 -0.050884998374519944
leaf_weight=171.49588294327259 432.2482932060957 352.96217109262943 1527.6041707545519 3020.265099838376 1507.7098513543606 1553.6507370769978 137.82714273035526 349.82464656233788 2436.897349178791 1806.081680983305 511.63277868926525 364.4987004250288 387.09422816336155 129.65528647601604 908.42014412581921 3996.7858549058437 207.90210802853107 16843.808495566249 254.95068775117397 1583.0105001032352 699.0437413752079 947.58448778092861 549.31914685666561 1734.7804926037788 13238.81228095293 1533.8714826852083 340.81500220298767 333.01828819513321 487.73883068561554 296.67021968960762
leaf_count=687 1730 1413 6122 12330 6089 6215 552 1400 9913 7267 2047 1461 1580 529 3704 16005 832 68718 1021 6343 2802 3829 2201 7005 53070 6147 1364 1345 1991 1207
internal_value=-7.00156e-05 -0.0737403 0.107073 -0.0456245 -0.139602 0.0567613 0.162896 -0.10852 -0.152503 0.00625163 0.04419 0.0264425 -0.0319005 0.0796384 -0.0624933 0.12451 0.0859818 -0.1642 -0.121441 0.0765899 0.139351 -0.0197687 0.0500814 -0.0560573 0.180777 0.138603 0.121417 -0.00928957 -0.152518 0.00821515
internal_weight=58646 34751.4 23894.6 6396.82 23095.5 11655.9 17497.8 4328.3 21430.5 6677.52 2290.59 1665.05 1894.8 820.295 1079.92 4978.35 2068.52 19535.7 2691.85 3136.66 1210.68 1300.55 981.567 3540.86 15207.2 1968.37 690.64 540.92 3508 434.497
internal_count=236919 140790 96129 25913 94024 46766 70216 17614 87321 26830 9240 6703 7669 3293 4391 19936 8299 79652 10934 12558 4849 5242 3931 14272 60976 7906 2764 2177 14321 1759
is_linear=0
shrinkage=0.1


Tree=2
num_leaves=31
num_cat=0
split_feature=13 20 0 20 0 0 11 1 13 15 9 11 11 0 0 21 0 11 11 15 15 16 0 11 13 11 1 9 15 11
split_gain=38391.3 25035.3 17120.2 4915.85 3687.05 3541.96 3278.94 2361.84 2728.84 2356.18 1875.24 1164.15 744.643 725.535 605.029 559.998 505.713 994.41 402.366 363.449 358.934 345.929 343.521 341.429 334.127 361.429 321.083 787.123 296.514 292.706
threshold=7.5000000000000009 5.5000000000000009 7.7082999276388895 6.5000000000000009 1.8864176383333335 4.9784031406944456 19.500000000000004 0.97763248083333332 6.5000000000000009 0.30195010763581115 19.500000000000004 20.500000000000004 7.5000000000000009 10.504533553750003 13.726017853333333 18.500000000000004 3.8408708237500004 19.500000000000004 7.5000000000000009 0.2006289308176101 0.33150183150183155 0.32701294033069739 7.8252403341666676 20.500000000000004 6.5000000000000009 20.500000000000004 1.9926949459722223 19.500000000000004 0.17673086933888602 18.500000000000004
decision_type=2 2 2 2 2 2 2 2 2 8 2 2 2 2 2 2 2 2 2 8 8 8 2 2 2 2 2 2 10 2
left_child=2 5 7 14 11 12 29 10 26 28 15 18 20 24 -4 -1 17 -6 -3 -16 -2 -10 -11 -12 25 -8 27 -9 -7 -5
right_child=1 4 3 6 16 9 13 8 21 22 23 -13 -14 -15 19 -17 -18 -19 -20 -21 -22 -23 -24 -25 -26 -27 -28 -29 -30 -31
leaf_value=0.10782742381281446 0.091707117017484713 -0.15486592345588771 0.1040244623901878 -0.15330858459382357 -0.13177104442165818 0.099243381648103632 0.041157637765711519 0.044441101975071978 0.13646026536584274 -0.014402556269533543 0.065255536497569738 0.17542013039702142 0.1303300914299004 -0.12521557562828964 0.11030386768149091 -0.089057782398539176 -0.15896252279590825 0.076847715871139533 -1.6943836585746689e-05 -0.05592956478347353 -0.058150429955672892 0.02005625567720733 -0.081615611006218974 0.17456169792122264 -0.0045204219556499708 0.18032422171456278 0.17146052430164926 0.17717896251269344 0.032960249019419068 -0.077360000882271809
leaf_weight=173.36383101344109 308.59701038897038 219.80607439577579 1900.9097672104836 3219.4593865573406 2369.8092607706785 1398.5364187061787 367.00095684826374 713.68867066502571 303.82492218911648 1166.1242235451937 495.5267288684845 358.8133889734745 3963.528520822525 220.02214244008064 184.47898751497269 866.61763100326061 16335.792209118605 252.86551617085934 709.30422426760197 458.19421611726284 331.54431328177452 1598.483883574605 2185.573905184865 675.08041754364967 367.80857861042023 379.68562676012516 12990.695046260953 1194.3499041795731 1304.3423369526863 602.39839388430119
leaf_count=696 1242 894 7633 13538 9867 5617 1469 2891 1222 4696 1983 1464 15979 915 740 3587 68733 1016 2872 1862 1329 6452 8892 2754 1477 1538 52881 4861 5224 2495
internal_value=-0.000103106 -0.0759927 0.0876992 -0.0380977 -0.141296 0.048057 -0.0942161 0.138649 0.151434 -0.00221076 0.0414792 0.0224319 0.114167 0.0407327 0.0756662 -0.0562372 -0.152418 -0.111657 -0.0366506 -0.00821235 0.0140924 0.0386476 -0.0582308 0.128292 0.073494 0.111923 0.165834 0.127529 0.0672568 -0.141338
internal_weight=57616.2 30904.6 26711.6 7699.96 20246.4 10658.2 5156.38 19011.6 16801 6054.58 2210.59 1287.92 4603.67 1334.52 2543.58 1039.98 18958.5 2622.67 929.11 642.673 640.141 1902.31 3351.7 1170.61 1114.5 746.687 14898.7 1908.04 2702.88 3821.86
internal_count=236819 127825 108994 31667 84846 42979 21432 77327 68307 24429 9020 5230 18550 5399 10235 4283 79616 10883 3766 2602 2571 7674 13588 4737 4484 3007 60633 7752 10841 16033
is_linear=0
shrinkage=0.1


Tree=3
num_leaves=31
num_cat=0
split_feature=13 20 0 16 0 0 1 13 15 9 11 11 20 0 13 0 11 0 13 21 0 11 11 16 0 11 15 16 0 3
split_gain=32149.8 21187.9 14201 3879.18 3149.11 2974.97 2889.93 2529.78 2070.07 2043.24 1372.65 747.787 641.435 573.44 968.461 456.008 454.65 452.713 1209.64 815.162 411.404 384.034 358.65 322.571 306.043 299.73 283.782 213.881 201.579 186.482
threshold=7.5000000000000009 5.5000000000000009 8.5959887734722233 0.44274004683840756 1.6836336101388893 4.1954567877777782 0.97763248083333332 6.5000000000000009 0.30195010763581115 19.500000000000004 18.500000000000004 20.500000000000004 6.5000000000000009 3.4484200569444448 21.500000000000004 10.699163607083335 7.5000000000000009 5.4249879359722231 2.5000000000000004 18.500000000000004 7.8866503261111118 20.500000000000004 7.5000000000000009 0.32701294033069739 17.193756968472226 7.5000000000000009 0.17673086933888602 0.31269171779141108 1.9422240211111113 13.07195595263889
decision_type=2 2 2 8 2 2 2 2 8 2 2 2 2 2 2 2 2 2 2 2 2 2 2 8 2 2 10 8 2 2
left_child=2 5 6 24 11 16 9 17 26 12 -5 25 -1 14 -6 -12 27 -8 19 -19 22 -11 -10 -9 -4 -3 -7 -2 -18 -28
right_child=1 4 3 10 13 8 7 23 20 21 15 -13 -14 -15 -16 -17 28 18 -20 -21 -22 -23 -24 -25 -26 -27 29 -29 -30 -31
leaf_value=0.092124477939553334 0.081415240590058946 -0.13924203849628145 0.095713286001875952 -0.13882859975117628 -0.12525263022932068 0.09399070115017287 0.16074231155943478 0.12536243048807502 -0.073614075833902282 0.054211912955568542 0.019449141361247195 0.1632960665178679 -0.087012792849617326 -0.14855026459948648 0.050125035184771495 -0.10866485972020701 0.15195752723458009 0.10857189333991885 0.15557994231925021 -0.078164021462564348 -0.075282277081607729 0.16098739863331582 0.026224668789012848 0.01698650844338678 -0.018867814388837695 0.013134039458065423 0.057088309194268619 -0.055780370111490313 0.10304170137672244 -0.019603036574365601
leaf_weight=240.64354306459427 254.02784617245197 164.79700142145157 1401.5833660364151 3065.519441306591 1713.5589565336704 1572.7156254500151 11649.913328260183 325.32218959927559 548.98465546965599 596.75776834785938 956.71321293711662 315.22636079788208 1180.1579193770885 16321.767700180411 385.75533635914326 391.5303945094347 1590.445983082056 509.0749583542347 2533.4915515184402 432.27017843723297 2142.1319505125284 773.37846554815769 1044.163738027215 1762.7570520341396 279.61198477447033 595.80590157210827 1002.7100940495729 205.59526289999485 1791.3022459000349 463.68171308934689
leaf_count=973 1030 685 5675 13322 7323 6378 48869 1323 2215 2394 3904 1328 5002 71494 1595 1662 6541 2083 10524 1777 8818 3248 4213 7109 1140 2410 4028 826 7309 1859
internal_value=-0.000208046 -0.0706144 0.0810267 -0.0526083 -0.13251 0.0430635 0.121744 0.137049 0.0032002 0.0273513 -0.101845 0.0337915 -0.056672 -0.142223 -0.0930265 -0.0177552 0.113364 0.151294 0.119615 0.0228219 -0.0466618 0.114482 -0.00817887 0.0338714 0.0766565 -0.0198807 0.0644841 0.0200459 0.126047 0.0328381
internal_weight=56211.4 30112.7 26098.7 6094.96 19496.9 10615.8 20003.8 17212.8 6774.39 2790.94 4413.76 1075.83 1420.8 18421.1 2099.31 1348.24 3841.37 15124.8 3474.84 941.345 3735.28 1370.14 1593.15 2088.08 1681.2 760.603 3039.11 459.623 3381.75 1466.39
internal_count=237057 128052 109005 25703 84835 43217 83302 71685 27511 11617 18888 4423 5975 80412 8918 5566 15706 63253 14384 3860 15246 5642 6428 8432 6815 3095 12265 1856 13850 5887
is_linear=0
shrinkage=0.1


Tree=4
num_leaves=31
num_cat=0
split_feature=13 21 0 21 0 11 0 13 1 15 9 11 11 0 0 8 0 15 19 15 15 13 0 21 13 11 0 11 13 0
split_gain=26791.5 18261.9 12053.4 3649.89 3004.38 2917.54 2301.24 1699.07 1856.88 1340.44 1117.82 1112.24 696.97 551.25 508.103 463.973 439.751 402.373 341.754 311.879 294.53 290.432 937.257 538.911 275.905 366.277 275.783 269.619 249.432 531.51
threshold=7.5000000000000009 14.500000000000002 7.4822560058333343 18.500000000000004 2.2360182934722226 19.500000000000004 5.979791453472223 6.5000000000000009 0.97763248083333332 0.35834976063080826 19.500000000000004 19.500000000000004 7.5000000000000009 10.797932945000001 11.539071570833334 -88.16922799999999 0.83014150416666677 0.25817133091219829 1.2622350005555558 0.35834976063080826 0.18528922180607577 1.5000000000000002 4.6706858316666677 18.500000000000004 6.5000000000000009 20.500000000000004 2.7118979233333342 20.500000000000004 21.500000000000004 3.9305618986111113
decision_type=2 2 2 2 2 2 2 2 2 8 2 2 2 2 2 2 2 8 8 8 10 2 2 2 2 2 2 2 2 2
left_child=2 6 7 14 11 -5 12 8 10 20 18 16 19 24 -4 -6 -3 -16 -1 -2 -8 22 -10 -24 25 -7 -14 -12 -17 -30
right_child=1 4 3 5 15 13 9 -9 21 -11 27 -13 26 -15 17 28 -18 -19 -20 -21 -22 -23 23 -25 -26 -27 -28 -29 29 -31
leaf_value=-0.078727375648476039 0.064196610084507263 0.061021440618325477 0.10030556263357987 -0.12562827892634548 -0.067576205795126271 0.028542595451147946 0.078445038809787204 0.031045125762474882 0.14678980242948786 -0.062606286219372281 0.052628299656527378 0.13072705382849112 0.13414564705897442 -0.12637460329681932 0.096477089843279351 -0.14356811453116511 -0.083799159828869152 -0.035170162681198894 0.064799681315155788 -0.05815468488079039 0.012316365214985048 0.15234827494056014 0.099023980786654933 -0.082016595731723818 -0.0023277748938148007 0.15896496284875747 0.082942432886309148 0.15395688048105766 -0.0017853205059805257 -0.13097933687825242
leaf_weight=662.38559314608574 456.96395832300186 278.18075273931026 1655.586023747921 3659.1717634946108 965.10577666759491 411.74845367670059 1237.0893692225218 1877.0990018546581 2342.9888207763433 2197.8309662342072 469.21128168702126 502.24458001554012 2074.8563462346792 171.61727327108383 356.17337645590305 14430.34732863307 851.41935096681118 666.85438305139542 221.33463469147682 382.91767334938049 1478.4409877806902 10744.611535444856 341.12809766829014 317.42079946398735 416.79463537037373 451.39417950809002 2133.5546993017197 596.33789667487144 393.06186923384666 1677.321656525135
leaf_count=2849 1868 1123 6796 16474 4167 1659 5070 7602 10237 9122 1889 2148 8756 761 1451 66236 3608 2732 922 1544 5964 46790 1434 1303 1678 1941 8766 2620 1664 7728
internal_value=-4.32569e-05 -0.0655917 0.0750614 -0.028484 -0.122846 -0.0780409 0.0441711 0.12096 0.131713 -0.0045479 0.0403734 0.0069147 0.0915878 0.0419205 0.0660691 -0.134969 -0.0481349 0.0106636 -0.0427799 0.00841438 0.042442 0.144666 0.117164 0.0117624 0.064486 0.096749 0.108187 0.109337 -0.138911 -0.106452
internal_weight=54421.2 29059.3 25361.9 7789.34 19097.7 5110.73 9961.65 17572.5 15695.4 4913.36 1949.27 1631.84 5048.29 1451.55 2678.61 17465.8 1129.6 1023.03 883.72 839.882 2715.53 13746.1 3001.54 658.549 1279.94 863.143 4208.41 1065.55 16500.7 2070.38
internal_count=236902 127764 109138 33492 86674 22513 41090 75646 68044 20156 8280 6879 20934 6039 10979 79795 4731 4183 3771 3412 11034 59764 12974 2737 5278 3600 17522 4509 75628 9392
is_linear=0
shrinkage=0.1


Tree=5
num_leaves=31
num_cat=0
split_feature=13 21 0 20 11 0 0 16 13 1 11 11 0 11 11 0 11 16 16 19 11 0 13 11 0 0 11 13 0 23
split_gain=22821.5 15715 10264.2 3202.58 3143.5 2516.01 2107.19 1746.05 1535.8 1315.63 806.499 586.966 527.308 462.62 399.112 376.93 789.678 370.885 348.264 326.119 291.202 283.95 272.8 394.558 259.402 229.836 228.595 228.585 686.651 414.572
threshold=7.5000000000000009 18.500000000000004 7.0894559980555565 6.5000000000000009 19.500000000000004 3.9743936933333335 1.6836336101388893 0.33258594917787748 6.5000000000000009 0.97763248083333332 20.500000000000004 20.500000000000004 10.600719235833335 17.500000000000004 7.5000000000000009 4.0629722944444451 19.500000000000004 0.24536878216123501 0.14768913971934108 0.8542531193055557 18.500000000000004 7.8252403341666676 6.5000000000000009 20.500000000000004 10.797932945000001 0.4465928845833334 7.5000000000000009 1.5000000000000002 4.1954567877777782 128.50000000000003
decision_type=2 2 2 2 2 2 2 8 2 2 2 2 2 2 2 2 2 8 10 8 2 2 2 2 2 2 2 2 2 2
left_child=2 5 8 13 20 14 11 18 9 10 19 25 22 17 -2 16 -8 -4 -7 -1 -5 26 23 -6 -20 -3 -9 28 -11 -30
right_child=1 6 3 4 12 7 15 21 -10 27 -12 -13 -14 -15 -16 -17 -18 -19 24 -21 -22 -23 -24 -25 -26 -27 -28 -29 29 -31
leaf_value=-0.051042277598953217 0.0088925696071788223 0.094046111214539485 0.088374007205409028 -0.12936673950248331 0.027392034362230533 0.077312073699891237 -0.11447591526460453 -0.079414201327288395 0.029150256966709955 0.14306189171312031 0.14620811926515048 0.14717632932658575 -0.10759577841878612 0.10561661777861119 0.11051852506468735 -0.1376289570975974 0.067287488339050724 -0.017927505198714933 0.041831522204618846 0.057462559948548625 -0.0568052537765939 -0.083041376598458727 0.00029087674273001342 0.14944204603004344 -0.026174952947022656 -0.054121558739862824 0.0048435349686110126 0.14544959587798773 0.10890855464376635 -0.039491961898786787
leaf_weight=640.23506098985672 438.44089256227016 128.22464424371719 546.24060398340225 3072.4950783550739 478.69275398552418 1609.2074809074402 2456.1248094290495 487.04495683312416 1786.1177943050861 2059.5849159061909 522.17721815407276 267.88624474406242 193.00281366705894 1445.9713784307241 3258.4441772252321 13331.719376519322 264.78988881409168 822.31918010115623 1558.5104232430458 488.23382586240768 674.48597493767738 1838.4584390819073 425.57951137423515 592.98178988695145 876.22072522342205 570.42975357174873 950.16001884639263 9942.9955116659403 361.09359546005726 393.26839444041252
leaf_count=2729 1809 516 2266 14576 1938 6693 11430 2042 7235 9455 2416 1230 883 6069 14049 64956 1089 3381 6341 2040 2947 7917 1710 2687 3581 2377 3930 45468 1571 1647
internal_value=-0.000259979 -0.0618364 0.0703598 -0.0204146 -0.0652366 0.0312208 -0.122072 -0.0027424 0.116615 0.127459 0.0434513 0.0213266 0.0479728 0.0661744 0.098466 -0.130706 -0.0967873 0.0245012 0.041215 -0.00409749 -0.116305 -0.0570096 0.0680262 0.0949251 0.0173571 -0.0269282 -0.02371 0.138328 0.113166 0.0315435
internal_weight=52481.1 28035.7 24445.5 8251.77 5437.24 11016.5 17019.2 7319.6 16193.7 14407.6 1650.65 966.541 1690.26 2814.53 3696.89 16052.6 2720.91 1368.56 4043.94 1128.47 3746.98 3275.66 1497.25 1071.67 2434.73 698.654 1437.2 12756.9 2813.95 754.362
internal_count=236978 127960 109018 36457 24741 46362 81598 30504 72561 65326 7185 4123 7218 11716 15858 77475 12519 5647 16615 4769 17523 13889 6335 4625 9922 2893 5972 58141 12673 3218
is_linear=0
shrinkage=0.1


Tree=6
num_leaves=31
num_cat=0
split_feature=0 16 11 11 21 0 11 0 0 11 11 0 11 16 11 11 11 0 16 0 11 0 0 11 21 16 16 11 0 11
split_gain=15879.4 7524.57 4736.11 6604.61 6743.53 2747.66 2480.27 3250.97 1211.84 1340.26 1096.53 693.114 672.62 659.922 604.828 487.051 476.08 931.515 381.952 340.853 370.843 302.316 294.817 383.498 277.583 253.18 249.765 229.456 222.848 180.154
threshold=6.5189436818055571 0.47092630155510484 20.500000000000004 3.5000000000000004 18.500000000000004 1.5815362106944446 18.500000000000004 9.7100563112500016 4.5844207002777795 1.5000000000000002 18.500000000000004 12.798306648055558 5.5000000000000009 0.33258594917787748 13.500000000000002 19.500000000000004 4.5000000000000009 3.1321128234722226 0.19109385327164577 1.8362781862500002 17.500000000000004 0.66351749847222241 8.5959887734722233 21.500000000000004 18.500000000000004 0.31791443850267381 0.27841576406107277 20.500000000000004 11.322692351250002 21.500000000000004
decision_type=2 8 2 2 2 2 2 2 2 2 2 2 2 8 2 2 2 2 10 2 2 2 2 2 2 8 10 2 2 2
left_child=2 11 3 8 13 12 24 15 -1 -10 16 14 -6 -5 26 -8 17 -7 -13 -15 -21 -14 27 -24 -3 -11 -2 -17 29 -9
right_child=1 6 -4 4 5 10 7 28 9 25 -12 18 21 19 -16 22 -18 -19 -20 20 -22 -23 23 -25 -26 -27 -28 -29 -30 -31
leaf_value=0.13460284471773171 0.04115801202664944 -0.078068934781935787 0.14154704994940037 0.10085885435420688 0.13799824779775058 0.11188818312712008 -0.041294318222401871 -0.03102418318473554 0.11526654615496873 0.066661776148004101 -0.0081524495107973671 0.037160512508125729 0.072068256305112793 0.099690562723320081 0.084516285320282963 0.023079290355939135 -0.11734526722913755 -0.12785755609063651 -0.050289083863323161 -0.0085916831390897355 0.083496361035178726 -0.042755079233607371 0.084218052075994879 -0.078166262485888927 -0.12945971551756574 -0.094257608955436056 -0.028237809675795061 0.11453495430217862 -0.13013387222622205 -0.12921328181021557
leaf_weight=5459.9915720373392 1213.6385349035263 1175.082571670413 4824.5028445124626 3641.8859985768795 628.41129989922047 278.76283584535122 555.60175913572311 494.51128688454628 930.88062117993832 117.27361573278904 1388.2605081349611 788.0503663122654 389.92731441557407 653.66728219389915 2441.6299399286509 376.29797731339931 5152.6888138353825 387.1319454908371 1363.8047170042992 1555.8175898343325 608.27542625367641 556.62165951728821 298.01856790482998 284.06427682936192 9957.5118318796158 587.94057506322861 905.66786131262779 1012.4137578308582 2140.1137109845877 300.3541556596756
leaf_count=26298 5030 5108 23325 15878 3028 1229 2421 2158 4240 490 5975 3319 1620 2923 10465 1558 25661 1912 5737 6532 2625 2329 1246 1288 50995 2727 3823 4756 10921 1543
internal_value=-0.000263133 -0.0608176 0.0516964 0.0322903 -0.00481211 -0.0618604 -0.0969566 -0.0417588 0.111981 0.0364888 -0.0880092 0.0285178 0.0577936 0.0727443 0.0505893 0.0413999 -0.107062 -0.027493 -0.0182634 0.036407 0.0172921 0.00454596 0.0647129 0.00497232 -0.124035 -0.0674975 0.0115023 0.0897533 -0.113341 -0.0681267
internal_weight=50468.8 23306.8 27162 22337.5 15241.5 8781.8 16594 5461.38 7096.09 1636.09 7206.84 6712.79 1574.96 6459.65 4560.94 2526.4 5818.58 665.895 2151.86 2817.76 2164.09 946.549 1970.79 582.083 11132.6 705.214 2119.31 1388.71 2934.98 794.865
internal_count=237160 110368 126792 103467 69712 41754 81994 25891 33755 7457 34777 28374 6977 27958 19318 11269 28802 3141 9056 12080 9157 3949 8848 2534 56103 3217 8853 6314 14622 3701
is_linear=0
shrinkage=0.1


Tree=7
num_leaves=31
num_cat=0
split_feature=13 20 0 11 21 0 0 13 16 11 13 0 19 0 16 11 0 0 11 0 16 21 16 0 11 11 19 13 13 11
split_gain=16757.2 11749.3 7713.94 2684.91 2445.66 2247.05 1517.7 1320.75 1070.68 861.195 748.912 1360.24 556.403 542.616 353.487 328.212 325.932 284.129 272.208 263.083 227.896 223.267 193.237 192.509 299.51 181.981 181.007 177.407 152.1 151.507
threshold=6.5000000000000009 5.5000000000000009 6.8229034037500016 19.500000000000004 18.500000000000004 2.7118979233333342 3.7093005156944447 7.5000000000000009 0.28633540372670813 19.500000000000004 1.5000000000000002 4.6279503781944449 1.2766907140277781 23.416928046388893 0.30793420416061928 20.500000000000004 1.0974312276388891 11.322692351250002 17.500000000000004 10.894419347916669 0.16482716798059432 76.500000000000014 0.31791443850267381 4.8413284008333344 18.500000000000004 18.500000000000004 2.4219435268750003 19.500000000000004 7.5000000000000009 16.500000000000004
decision_type=2 2 2 2 2 2 2 2 8 2 2 2 8 2 10 2 2 2 2 2 10 2 8 2 2 2 8 2 2 2
left_child=2 6 10 4 14 9 22 17 20 16 11 -1 -13 15 -4 21 -3 -7 -6 26 -8 -5 -2 24 -9 -24 -10 -28 -18 -16
right_child=1 5 3 13 18 7 8 23 19 -11 -12 12 -14 -15 29 -17 28 -19 -20 -21 -22 -23 25 -25 -26 -27 27 -29 -30 -31
leaf_value=0.12286842930761839 0.11065005825814274 0.024636796740704445 0.082055227028017541 0.13043951781178126 -0.12756027599502456 -0.0079847565611753483 0.069593650099346788 -0.11067642382792464 -0.049954161512180961 0.10765110592165966 0.13253219679366676 -0.071442699035839968 0.071866353638715699 -0.10984043155404433 -0.044441664488847954 0.14058772825985541 -0.0043336886084250573 -0.11620219871941705 -0.066581173047108477 -0.067725347705302585 0.020800570522255157 0.016642403152096277 0.0388733886636905 -0.12790552532181601 -0.010068327433185177 0.1201517337315065 -0.012853786718981986 0.057806980455981538 -0.083155426119537981 0.036969940435319745
leaf_weight=2196.0754074603319 1916.9261648803949 568.16293612122536 944.60423667728901 256.25433707237244 2011.3776447623968 1352.4846528470516 1982.1520074754953 2456.9238464832306 813.83749596774578 501.44710460305214 9250.7968906611204 659.58292619884014 459.76821541786194 129.51315881311893 473.5502670109272 986.15292319655418 316.88332225382328 295.65269526839256 1150.9330204129219 1198.7220183759928 1851.2788485884666 526.93546466529369 990.01623424887657 11191.846826434135 336.41683219373226 381.67166885733604 1257.2879359424114 495.28509266674519 1076.4301777929068 441.91123855113983
leaf_count=11121 8799 2331 4067 1137 10762 5515 8496 12958 3411 2364 47139 2875 2032 626 1981 4849 1279 1547 5524 5265 7612 2158 4305 61500 1516 1790 5231 2051 5135 1870
internal_value=-0.00048168 -0.0486945 0.0712246 -0.0135511 -0.0518481 -0.0980794 0.0333912 -0.112066 0.00882857 -0.00930002 0.117917 0.0771387 -0.0125792 0.0877425 0.0391394 0.102205 -0.0391983 -0.0273974 -0.105367 -0.0290477 0.04603 0.053876 0.0901449 -0.122044 -0.0985597 0.0614891 -0.0109821 0.00711527 -0.0652289 -0.00514268
internal_weight=48470.9 28983.4 19487.5 6921.23 5022.38 18096.2 10887.2 15633.3 7598.56 2462.92 12566.2 3315.43 1119.35 1898.86 1860.07 1769.34 1961.48 1648.14 3162.31 3765.13 3833.43 783.19 3288.61 13985.2 2793.34 1371.69 2566.41 1752.57 1393.31 915.462
internal_count=237246 141105 96141 32974 24204 94145 46960 83036 32066 11109 63167 16028 4907 8770 7918 8144 8745 7062 16286 15958 16108 3295 14894 75974 14474 6095 10693 7282 6414 3851
is_linear=0
shrinkage=0.1


Tree=8
num_leaves=31
num_cat=0
split_feature=13 21 0 11 15 0 0 13 15 1 11 0 11 11 11 0 0 15 0 11 23 19 13 0 20 15 19 11 3 14
split_gain=14438.9 10179.5 6703.94 2338.87 2150.92 1763.78 1496.97 1268.93 1119.06 824.514 750.623 474.317 458.823 309.471 308.651 272.703 259.737 259.7 238.881 234.624 185.16 183.926 178.683 398.372 208.219 175.007 171.489 165.701 164.551 152.864
threshold=6.5000000000000009 18.500000000000004 6.7725340231944449 19.500000000000004 0.5865817091454274 2.7118979233333342 3.7093005156944447 7.5000000000000009 0.35834976063080826 0.97763248083333332 20.500000000000004 23.416928046388893 20.500000000000004 20.500000000000004 17.500000000000004 7.8252403341666676 0.38817329611111112 0.17673086933888602 11.212284236250001 7.5000000000000009 152.50000000000003 0.77008712041666671 1.0000000180025095e-35 3.7533493090277781 6.5000000000000009 0.26407547169811324 0.8542531193055557 15.500000000000002 13.885464722500002 6.5000000000000009
decision_type=2 2 2 2 8 2 2 2 8 2 2 2 2 2 2 2 2 10 2 2 2 8 2 2 2 10 8 2 2 2
left_child=2 6 9 4 25 10 19 18 17 12 16 13 21 20 -6 27 -3 29 -7 -2 -5 -1 23 -11 -25 -4 -16 -10 -19 -8
right_child=1 5 3 11 14 7 8 -9 15 22 -12 -13 -14 -15 26 -17 -18 28 -20 -21 -22 -23 -24 24 -26 -27 -28 -29 -30 -31
leaf_value=-0.044220926450043989 0.027878995664120932 0.077658696859206511 0.088733797246363377 0.12326954013049714 -0.11779468778033841 -0.0057112649927974161 -0.019864431499373392 -0.12032048228044996 -0.020830774893421462 0.12845502853078097 0.13505853435193291 -0.1040325230627137 0.13053405512957014 0.13528292768923811 -0.084795765142718971 -0.057881986084980311 -0.048378882901958374 0.034003338109351119 -0.10922992562358565 0.094639402576592702 0.017796487110180764 0.044660980900344711 0.12728635646216871 0.075653202246167048 -0.075270369726277958 0.020814404339808121 -0.008346723418095869 0.052893573772958793 -0.028940400801592582 0.080434686340031258
leaf_weight=457.8154903203249 650.67676974833012 180.27532322704792 626.00964522361755 241.07814468443394 2059.3301076740026 1263.7105359584093 168.7680150270462 12526.052819043398 1538.3353145867586 694.76510873436928 293.07028789818287 125.458835542202 386.89633339643478 960.38734428584576 738.14825074374676 2185.9518829882145 1757.7576215714216 1694.6108265966177 270.66201320290565 2756.6671801805496 537.61549438536167 473.72960209846497 9418.748670488596 181.17873547971249 184.50128373503685 962.93388837575912 487.01315975189209 380.21064227819443 550.1756232380867 1525.1681743115187
leaf_count=2009 2756 738 2781 1120 11504 5150 740 73063 6481 3806 1549 633 2160 5034 3652 9861 8043 7018 1506 13103 2210 2032 51186 872 801 4122 2299 1597 2244 6712
internal_value=-0.000257454 -0.0459153 0.0680783 -0.0115 -0.0479423 -0.0966993 0.0263386 -0.109806 0.0028052 0.113528 -0.0140992 0.0837512 0.0389971 0.0972981 -0.09415 -0.033734 -0.0366549 0.0408823 -0.0239719 0.0818906 0.0504502 0.000979237 0.122905 0.0839886 -0.000494225 0.0475732 -0.0544066 -0.00622034 0.0185764 0.0704418
internal_weight=46277.7 27742.1 18535.6 6737.97 4873.44 16291.5 11450.6 14060.4 8043.22 11797.6 2231.1 1864.54 1318.44 1739.08 3284.49 4104.5 1938.03 3938.72 1534.37 3407.34 778.694 931.545 10479.2 1060.45 365.68 1588.94 1225.16 1918.55 2244.79 1693.94
internal_count=236782 140561 96221 33355 24358 90049 50512 79719 34653 62866 10330 8997 6201 8364 17455 17939 8781 16714 6656 15859 3330 4041 56665 5479 1673 6903 5951 8078 9262 7452
is_linear=0
shrinkage=0.1


Tree=9
num_leaves=31
num_cat=0
split_feature=13 15 0 0 20 11 13 0 1 11 11 11 11 21 15 15 11 0 0 11 11 0 11 0 15 20 13 11 14 13
split_gain=12436.2 9257.23 5606.61 1894.72 1810.36 1681.52 1057.57 1014.91 991.474 984.786 909.608 398.945 365.941 354.608 344.356 329.957 376.499 303.576 287.455 269.516 258.634 220.598 193.353 182.603 171.891 171.611 167.779 289.688 166.122 155.405
threshold=7.5000000000000009 0.53889369057908387 7.144984653472223 2.8539976305555563 6.5000000000000009 19.500000000000004 6.5000000000000009 6.4681206373611122 1.9926949459722223 20.500000000000004 19.500000000000004 7.5000000000000009 7.5000000000000009 18.500000000000004 0.18528922180607577 0.65657906785092945 15.500000000000002 15.776281440416669 10.894419347916669 19.500000000000004 17.500000000000004 0.94015354194444456 17.500000000000004 1.990131943055556 0.82931668602400321 5.5000000000000009 6.5000000000000009 20.500000000000004 6.5000000000000009 19.500000000000004
decision_type=2 8 2 2 2 2 2 2 2 2 2 2 2 2 10 8 2 2 2 2 2 2 2 2 10 2 2 2 2 2
left_child=2 7 6 10 17 20 8 11 9 15 12 -2 -3 29 28 -1 -17 22 26 -18 -6 -14 -4 -13 -23 -8 27 -7 -9 -5
right_child=1 3 4 13 5 18 25 14 -10 -11 -12 23 21 -15 -16 16 19 -19 -20 -21 -22 24 -24 -25 -26 -27 -28 -29 -30 -31
leaf_value=0.096639904686162625 0.005476058622728968 -0.12193510298336228 0.032366027761361126 -0.08656590143798315 -0.11794017013003787 0.016409580119460605 0.07565685013681582 -0.063330779447058158 0.1221574184782831 0.12736118750449996 0.10078416883918023 0.11400098233511767 0.058528813826702865 -0.11680369135162283 -0.020061378473252386 0.15736825089316087 -0.071192714895317852 -0.027292206490305157 -0.10705267884485048 0.022133246209856173 -0.057318733765712497 0.0029290967544909883 0.092137766015325487 0.065953364774243517 -0.084063938025469742 0.0047719002958838061 -0.0022945079609328692 0.12929282251928073 0.060140246854139483 -0.017781196533253281
leaf_weight=326.65449720621109 853.60149492323399 473.0254637748003 957.95574150979519 1110.7972381860018 1930.3123142719269 460.65358597040176 460.17041698098183 123.01388254761696 8840.9034606218338 1108.5755612254143 550.20505607128143 1168.691348284483 286.26797620952129 11451.620679065585 2935.4043740779161 115.86889059841633 718.25216753780842 413.03520664572716 132.31014601886272 543.66839908063412 1107.5928451120853 438.5775053948164 1244.0172084718943 2447.3623279482126 471.12688508629799 1324.7925904542208 454.36657765507698 448.84918515384197 954.28682950139046 466.36180119216442
leaf_count=1491 3660 2401 4119 5197 11707 1889 1963 541 51482 6581 2806 6010 1212 71717 12573 569 3260 1774 734 2286 5691 2115 5748 11120 2369 5366 1842 2579 4240 2095
internal_value=-0.000207628 -0.0495485 0.0566642 -0.0961329 -0.0148842 -0.0531004 0.0947258 0.0341922 0.105705 0.0539955 -0.0107208 0.0669667 -0.0474798 -0.110681 -0.00231459 0.00627816 -0.0151453 0.0513779 0.033676 -0.0309854 -0.0958381 -0.0180315 0.0661344 0.0814821 -0.0421237 0.0230463 0.0473283 0.0721186 0.0460414 -0.0662264
internal_weight=44318.3 23730.3 20588 15248 7149.09 4534.08 13438.9 8482.36 11653.9 2813.02 2219.2 4469.66 1669 13028.8 4012.71 1704.44 1377.79 2615.01 1496.18 1261.92 3037.91 1195.97 2201.97 3616.05 909.704 1784.96 1363.87 909.503 1077.3 1577.16
internal_count=237137 128056 109081 89912 36083 24442 72998 38144 65669 14187 10903 20790 8097 79009 17354 7606 6115 11641 7044 5546 17398 5696 9867 17130 4484 7329 6310 4468 4781 7292
is_linear=0
shrinkage=0.1


Tree=10
num_leaves=31
num_cat=0
split_feature=13 21 0 21 11 0 0 13 15 1 11 11 0 15 11 11 13 11 0 0 13 0 19 0 13 19 0 11 19 11
split_gain=10691 8219.81 4848.25 1568.69 1724.84 1260.57 1193.79 1031.29 867.824 731.881 677.622 374.756 301.883 290.884 264.701 234.398 218.641 330.555 218.026 205.986 192.3 490.442 226.41 174.898 266.896 167.329 166.657 165.96 161.687 144.453
threshold=7.5000000000000009 18.500000000000004 6.7725340231944449 11.500000000000002 19.500000000000004 2.7118979233333342 2.9946142293055558 6.5000000000000009 0.31627983000980714 0.97763248083333332 20.500000000000004 20.500000000000004 11.322692351250002 0.53889369057908387 7.5000000000000009 17.500000000000004 6.5000000000000009 20.500000000000004 16.300621031111113 9.96207754402778 1.5000000000000002 4.1068447444444454 1.3744326037500003 4.4548781431944446 21.500000000000004 1.092436970416667 9.8752289829166688 6.5000000000000009 0.80005412861111125 18.500000000000004
decision_type=2 2 2 2 2 2 2 2 8 2 2 2 2 10 2 2 2 2 2 2 2 2 8 2 2 8 2 2 8 2
left_child=2 6 7 18 15 10 27 9 19 11 14 25 16 26 -3 -5 17 -6 29 -8 21 -11 -23 24 -7 -1 -10 -2 -17 -4
right_child=1 5 3 4 12 23 8 -9 13 20 -12 -13 -14 -15 -16 28 -18 -19 -20 -21 -22 22 -24 -25 -26 -27 -28 -29 -30 -31
leaf_value=-0.02764669389008044 -0.028397236400853988 -0.11979192962719845 0.04804876697947276 -0.10204765394580283 0.019493152839936374 -0.10427579232163327 0.05810762567594057 0.020214763640489894 0.0073543982581931152 0.12021382440904133 0.12790743663200216 0.1235892716859234 -0.12627908056751777 -0.06500524970192563 -0.02105786995202473 -0.080253474008251668 -0.0038202321686380369 0.12579011412055202 -0.016801896338698746 0.0072198498547561638 0.12263545178624438 -0.046520358301501863 0.071393188822968995 -0.11879182383603891 -0.0088176786347984037 0.065550191779609329 -0.042128206197911001 0.090160774695795046 -0.0097587227887408635 0.10238030344543347
leaf_weight=644.58847583830357 124.87480397522449 369.80826473236084 1116.7067205905914 2098.0034501701593 571.98837475478649 1421.7453377097845 2165.5825626701117 1670.5307569056749 1940.0923652350903 1481.6610002070665 262.37128165364265 336.19886074960232 103.27644990384579 1417.8086775839329 1021.7723690867424 714.65705506503582 524.71889632940292 598.83110369741917 322.35011366009712 1257.2497049868107 7032.3016216009855 305.88513185083866 348.22492475807667 9125.7717309445143 368.89524576067924 274.77086655795574 1048.4783120602369 2166.8915926516056 597.27426128089428 871.06510142982006
leaf_count=2872 531 1996 4926 12974 2392 9091 9667 6886 8231 9324 1567 2178 622 6719 4826 3801 2162 3704 1379 5353 44181 1357 1796 62238 1900 1199 4744 11168 2955 4314
internal_value=-0.000116349 -0.0468532 0.0539559 -0.00910081 -0.0395197 -0.100859 0.0202223 0.0931579 0.00164087 0.104848 -0.0195031 0.0332451 0.0397099 -0.0277024 -0.0472961 -0.081315 0.0498204 0.0738601 0.0594861 0.0394159 0.114654 0.0883742 0.0162526 -0.113185 -0.0846102 0.000207256 -0.0100056 0.0837007 -0.0481598 0.0718575
internal_weight=42304.4 22691.3 19613 7518.87 5208.75 12570.4 10121 12094.2 7829.21 10423.6 1653.95 1255.56 1798.81 4406.38 1391.58 3409.93 1695.54 1170.82 2310.12 3422.83 9168.07 2135.77 654.11 10916.4 1790.64 919.359 2988.57 2291.77 1311.93 1987.77
internal_count=237053 128031 109022 39229 28610 81618 46413 69793 34714 62907 8389 6249 8880 19694 6822 19730 8258 6096 10619 15020 56658 12477 3153 73229 10991 4071 12975 11699 6756 9240
is_linear=0
shrinkage=0.1


Tree=11
num_leaves=31
num_cat=0
split_feature=13 23 0 11 15 0 13 0 15 11 13 0 0 11 23 19 11 0 13 15 11 15 15 0 19 13 0 11 0 13
split_gain=9008.26 6726.57 4667.37 1814.34 1490.39 1444.61 1004.4 939.658 743.062 557.507 511.664 829.387 318.649 335.476 285.94 250.085 242.99 225.565 199.587 176.884 182.606 163.647 160.059 158.782 148.89 153.825 134.408 129.063 127.02 204.821
threshold=6.5000000000000009 152.50000000000003 6.3667031206944449 19.500000000000004 0.5865817091454274 3.1321128234722226 7.5000000000000009 3.3192727994444451 0.27110723903057188 20.500000000000004 1.5000000000000002 4.1068447444444454 23.416928046388893 20.500000000000004 152.50000000000003 2.486782284027778 18.500000000000004 0.27637359805555556 19.500000000000004 0.33150183150183155 18.500000000000004 0.66819571865443439 0.26407547169811324 11.766851255000002 0.8542531193055557 7.5000000000000009 12.007820472500002 19.500000000000004 4.8413284008333344 21.500000000000004
decision_type=2 2 2 2 8 2 2 2 8 2 2 2 2 2 2 8 2 2 2 8 2 8 10 2 10 2 2 2 2 2
left_child=2 7 10 4 22 9 23 19 26 17 11 -1 13 21 -13 -10 -6 -3 -17 -2 -21 -5 -4 -7 25 -19 -9 -16 29 -8
right_child=1 5 3 12 16 6 28 8 15 -11 -12 14 -14 -15 27 18 -18 24 -20 20 -22 -23 -24 -25 -26 -27 -28 -29 -30 -31
leaf_value=0.11557157108417733 0.099725907626928609 0.096687554261476349 0.079312840726530345 0.10982699141217428 -0.095368100201430966 -0.0080397317826073605 -0.10420046576182139 0.057881317396835955 -0.049776834579655885 0.12509291645753659 0.11966296671129902 0.075139609789635922 -0.091154613273632612 0.12394765496707645 -0.068171114240772213 -0.016967162298276505 -0.028559599374810632 -0.002878699136415622 0.037747515411939658 0.027201328914630476 0.10597476283857815 0.01155461496718585 0.014129275634401873 -0.10401202492367104 -0.0071405761360678185 -0.080438165806740708 0.0092883272704364413 0.018029825163316426 -0.11677887816235651 -0.018298286862616486
leaf_weight=1484.4587983638048 1230.2208880484104 128.33128294348717 616.33530490100384 233.98739311099052 2358.9286724478006 1222.9551541805267 1373.6631702035666 2097.0380991697311 1719.6851815134287 249.59893018007278 6613.2837827056646 347.5394624620676 108.66175189614296 1010.5580638647079 451.05830119550228 2678.7282742112875 707.7461354881525 344.06071177124977 887.59881386160851 1088.2022055983543 403.35146301984787 614.37354113161564 968.90649002790451 200.67612487077713 856.41152331233025 995.88875575363636 781.2852927595377 282.45838183164597 8022.7920107543468 347.85359168052673
leaf_count=9949 6662 536 2931 1239 15113 5079 9539 9553 7949 1600 44594 1835 629 6573 2055 11727 3373 1390 3882 5146 2250 2590 4293 1328 4216 5343 3379 1269 59224 1996
internal_value=-0.000139384 -0.0379466 0.0587991 -0.00520553 -0.039254 -0.0844609 -0.100027 0.0207715 0.00380801 -0.0169297 0.104958 0.0670504 0.0752946 0.0850243 0.000423205 -0.0184537 -0.0799496 -0.0321785 -0.0033496 0.0716556 0.0485035 0.0386592 0.0394724 -0.0215681 -0.039708 -0.0605231 0.0446914 -0.0349774 -0.11149 -0.0868429
internal_weight=40426.6 24628.3 15798.3 6619.5 4651.92 13742.2 11167.9 10886.1 8164.34 2574.29 9178.8 2565.51 1967.58 1858.92 1081.06 5286.01 3066.67 2324.69 3566.33 2721.77 1491.55 848.361 1585.24 1423.63 2196.36 1339.95 2878.32 733.517 9744.31 1721.52
internal_count=237242 140799 96443 36741 25710 90251 77166 50548 36490 13085 59702 15108 11031 10402 5159 23558 18486 11485 15609 14058 7396 3829 7224 6407 10949 6733 12932 3324 70759 11535
is_linear=0
shrinkage=0.1


Tree=12
num_leaves=31
num_cat=0
split_feature=13 21 0 11 21 0 13 0 11 15 13 0 11 11 0 11 0 16 0 19 13 11 19 23 15 0 15 3 13 2
split_gain=7833.81 6341.21 3746.86 1414.05 1463.01 1138.26 1020.49 874.086 636.041 523.673 397.353 645.005 367.957 325.985 305.52 266.158 233.848 232.093 211.204 210.111 204.632 368.285 189.496 163.502 162.671 148.096 140.721 122.857 124.67 138.411
threshold=7.5000000000000009 18.500000000000004 6.1180927450000011 19.500000000000004 18.500000000000004 3.223629577638889 6.5000000000000009 4.9784031406944456 19.500000000000004 0.35834976063080826 1.5000000000000002 4.0187031412500014 1.0000000180025095e-35 7.5000000000000009 10.894419347916669 18.500000000000004 0.94015354194444456 0.19109385327164577 1.6836336101388893 0.94633432375000015 6.5000000000000009 20.500000000000004 2.7537915775000004 319.50000000000006 0.33150183150183155 18.286447410972226 0.19374389051808408 20.69181998777778 19.500000000000004 3.914565048194445
decision_type=2 2 2 2 2 2 2 2 2 8 2 2 2 2 2 2 2 10 2 8 2 2 8 2 10 2 8 2 2 2
left_child=2 7 6 4 17 8 10 13 16 -9 11 -1 -6 26 20 -14 -3 -4 -15 -13 21 23 -11 -5 -20 -19 -2 28 29 -24
right_child=1 5 3 14 12 -7 -8 9 -10 22 -12 19 15 18 -16 -17 -18 25 24 -21 -22 -23 27 -25 -26 -27 -28 -29 -30 -31
leaf_value=0.11415080627698851 0.076782756704624491 0.029699076288491541 0.083917712525398994 0.10232845071838703 0.05028137508256364 -0.10950697184713964 0.01462026388354616 0.021729123216790752 0.080726499711736358 -0.064150081974353776 0.11782779631008469 -0.041149662528689332 -0.10241907859997174 0.10385613194437289 -0.067670453908899877 -0.033642020637237161 -0.07319775468455389 0.021636395448298363 0.079184703335589565 0.05128567170399654 0.015755236398625774 0.12094031711065348 0.0060141106439763545 0.0070919939179835984 0.025087979542680678 -0.078440636002553327 -0.036810443359459592 -0.10770187262981107 0.043374732752728004 -0.06966544052693717
leaf_weight=1342.7158107459545 139.31540642678738 265.72487996518612 606.11849461495876 250.18515174090862 216.70500680804253 8964.9886069372296 1512.1105557382107 2970.9808403551579 435.45981734991074 1414.9785232543945 5892.9208431094885 465.7080165296793 2188.0652636438608 1009.5068237483501 186.82709418237209 757.44833716750145 1308.3414684832096 1373.8064863681793 990.64618407189846 521.02483387291431 641.5793844461441 1053.5379617512226 624.61467553675175 645.03891284763813 1266.5352674126625 165.70288164913654 502.12844376266003 126.73853252828121 387.49029409885406 394.17229165136814
leaf_count=9725 652 1114 2952 1406 1043 70440 6271 12906 2437 6836 43130 2173 15201 5959 1059 3733 7633 6106 5274 2676 2690 7459 2785 2722 5905 728 2155 596 1665 1817
internal_value=-0.000328527 -0.0420129 0.0483318 -0.00198374 -0.0322344 -0.0942594 0.0901216 0.0163339 -0.0262364 -0.00790011 0.104006 0.0690419 -0.0754804 0.053037 0.0558326 -0.0847328 -0.0558273 0.0315015 0.065835 0.00765899 0.0647402 0.0808672 -0.0377604 0.0337074 0.0488303 0.0108647 -0.0121391 -0.0134026 -0.00490401 -0.0232666
internal_weight=38621.1 20801.6 17819.5 8085.01 5307.85 10974.5 9734.48 9827.11 2009.53 5918.98 8222.37 2329.45 3162.22 3908.13 2777.17 2945.51 1574.07 2145.63 3266.69 986.733 2590.34 1948.76 2947.99 895.224 2257.18 1539.51 641.444 1533.02 1406.28 1018.79
internal_count=237248 128174 109074 45099 29763 81624 63975 46550 11184 26605 57704 14574 19977 19945 15336 18934 8747 9786 17138 4849 14277 11587 13699 4128 11179 6834 2807 6863 6267 4602
is_linear=0
shrinkage=0.1


Tree=13
num_leaves=31
num_cat=0
split_feature=13 21 0 11 21 0 13 0 11 16 13 0 11 11 0 0 13 11 16 15 0 11 11 23 19 3 23 0 19 17
split_gain=6716.71 5607.17 3301.28 1191.53 1220.28 1061.45 906.928 786.062 581.727 532.727 432.807 512.992 304.255 265.487 253.518 224.799 196.926 343.977 188.789 188.176 177.016 199.85 173.502 149.832 148.549 142.759 145.084 135.657 128.713 125.98
threshold=7.5000000000000009 18.500000000000004 6.1690979895833342 19.500000000000004 18.500000000000004 3.6667279748611117 6.5000000000000009 2.7118979233333342 18.500000000000004 0.33258594917787748 1.0000000180025095e-35 3.7533493090277781 1.0000000180025095e-35 17.500000000000004 11.104877868472224 1.2602232281944445 6.5000000000000009 20.500000000000004 0.15801713586291313 0.17673086933888602 8.9433348065277798 6.5000000000000009 20.500000000000004 152.50000000000003 0.99989570166666675 15.231921911666669 34.500000000000007 18.740588904722227 0.75995972527777789 0.10461316309469526
decision_type=2 2 2 2 2 2 2 2 2 8 2 2 2 2 2 2 2 2 10 10 2 2 2 2 8 2 2 2 10 10
left_child=2 7 6 4 18 8 10 -2 15 19 11 -1 -6 -14 16 -3 17 23 -4 -9 21 -11 -10 -5 -13 29 -27 -20 -15 -21
right_child=1 5 3 14 12 -7 -8 9 22 20 -12 24 13 28 -16 -17 -18 -19 27 25 -22 -23 -24 -25 -26 26 -28 -29 -30 -31
leaf_value=0.11246993972494479 0.07494472705386919 0.0078754904828451273 0.081933867579544253 0.10062407032500259 0.043380336629753408 -0.10866844051496999 0.015966542424404463 0.052001261328555586 0.011581804430932922 -0.059610281470809545 0.10981066164798153 -0.07905322856165134 -0.10891928188102629 -0.074584326665989006 -0.072470170636455764 -0.082047146847923913 0.013750519685948684 0.11860996896219184 0.020935286260243196 0.027584738082475597 -0.056594815935456178 0.0086893044597885216 0.12058466434801161 0.0061415102917732351 0.02521002332948119 -0.10216004983775986 0.0042928047072769027 -0.076731743647166561 -0.010549774503394805 -0.057255047840841712
leaf_weight=517.7249486297369 1794.7132275253534 351.18568503856659 495.82810580730438 228.90054166316986 214.17629744112492 7885.7665565162897 1525.6491262614727 1609.8246627002954 446.4795793145895 590.12210087478161 6655.9079951941967 270.74094469845295 1496.0295251384377 725.09911774098873 152.99070128798485 1334.1755715161562 667.79608970880508 953.68509796261787 1447.0520182549953 2011.8059952259064 1314.4288309812546 1563.4836391806602 216.99679869413376 629.22394469380379 275.90468628704548 209.97627067565918 328.04542645812035 157.7148300409317 553.52860145270824 191.70397180318832
leaf_count=4051 10444 1540 2498 1364 1022 67514 6334 7811 2047 2718 51317 1286 11694 4193 917 8869 2818 7314 6495 8775 6630 6866 1583 2658 1422 885 1380 705 2952 835
internal_value=-8.70038e-05 -0.0395786 0.0461093 -0.00215605 -0.0304078 -0.0910925 0.0864197 0.0152601 -0.0320848 0.00156118 0.100342 0.0411333 -0.071458 -0.0803224 0.0524612 -0.0633096 0.0601694 0.0772785 0.0280006 0.0248633 -0.0276761 -0.0100259 0.0472323 0.0313443 -0.0264292 0.00892792 -0.0372531 0.0113367 -0.0468632 0.0202037
internal_weight=36816.7 19848.7 16968 7722.02 5089.43 10234.6 9245.93 9614.1 2348.84 7819.39 7720.28 1064.37 2988.83 2774.66 2632.6 1685.36 2479.61 1811.81 2100.59 4351.36 3468.03 2153.61 663.476 858.124 546.646 2741.53 538.022 1604.77 1278.63 2203.51
internal_count=236937 127897 109040 44630 29559 81553 64410 46344 14039 35900 58076 6759 19861 18839 15071 10409 14154 11336 9698 19686 16214 9584 3630 4022 2708 11875 2265 7200 7145 9610
is_linear=0
shrinkage=0.1


Tree=14
num_leaves=31
num_cat=0
split_feature=13 15 0 11 0 19 13 0 11 0 13 13 0 0 15 11 15 0 11 13 0 20 19 0 11 11 14 15 11 15
split_gain=5772.46 4594 3338.18 1497.9 1145.87 1031.91 837.932 612.199 469.6 412.818 339.117 280.597 344.987 270.025 255.138 243.817 218.472 191.219 189.508 208.516 181.982 150.138 142.16 140.282 136.189 126.785 125.8 125.971 123.214 107.038
threshold=6.5000000000000009 0.63508581574275014 5.6096712575000014 20.500000000000004 3.8408708237500004 2.3439951531250007 7.5000000000000009 6.985328858611112 20.500000000000004 10.797932945000001 2.5000000000000004 1.0000000180025095e-35 3.7093005156944447 23.416928046388893 0.23872116689280873 18.500000000000004 0.17673086933888602 1.0974312276388891 18.500000000000004 7.5000000000000009 6.7725340231944449 2.5000000000000004 0.85855766840277792 11.889374900833335 7.5000000000000009 7.5000000000000009 6.5000000000000009 1.0000000180025095e-35 17.500000000000004 0.62229992229992248
decision_type=2 8 2 2 2 8 2 2 2 2 2 2 2 2 10 2 10 2 2 2 2 2 10 2 2 2 2 10 2 10
left_child=2 7 11 5 8 9 23 14 17 10 -4 12 -1 -5 -2 24 26 -3 19 -19 -12 -8 -22 -6 -16 -21 -9 -28 -7 -14
right_child=1 4 3 13 6 28 21 16 -10 -11 20 -13 29 -15 15 -17 -18 18 -20 25 22 -23 -24 -25 -26 -27 27 -29 -30 -31
leaf_value=0.10992435618653273 0.076074174929509714 0.019107016627952361 -0.063236729047665516 0.11625310328586368 -0.0042940684907061431 0.020240458334951417 -0.015398783700039029 -0.064249691471787801 0.11862910929054885 -0.099021643339442703 0.10848573860654087 0.11115548189096398 0.065126082041404104 -0.075803420649868225 -0.011561688577540453 0.096025225854803747 -0.019708897321675231 -0.001432685985636123 0.016105636116838663 -0.11130750932286158 -0.033811641888940334 -0.10525933456836721 0.036605078757260628 -0.10068744497157792 0.033240415475918023 -0.053018285423453174 0.12835627654336507 0.029191284362045124 0.073035780345653223 -0.045340850854251949
leaf_weight=474.01453990489244 1656.2006605118513 590.88468047976494 1317.8636001721025 1124.9503945782781 1149.5715127289295 1015.3998346850276 190.61833332479 114.88347242772579 220.69543948769569 1141.1771540567279 159.21321588754654 5576.9308313727379 122.7932141572237 78.301275208592415 1024.3561810702085 462.94937459379435 3304.7009719014168 526.25245545804501 436.84691302478313 580.86133807897568 709.33120112121105 7562.3293429464102 481.18342427909374 173.8011149764061 2009.5295599624515 1043.5692242011428 156.39088805019855 708.17787618935108 782.86256068944931 307.05489471554756
leaf_count=4020 9195 2546 7770 9474 4805 4850 891 533 1724 8950 947 47101 721 507 4489 2859 15124 2130 2057 4150 3697 68328 2374 1351 9852 6769 754 3402 4270 1430
internal_value=-0.000589338 -0.0321263 0.0514047 0.00251626 -0.07195 -0.0192093 -0.0904967 0.0205184 -0.0224264 -0.0486866 -0.0271537 0.102779 0.0510926 0.103755 0.0437418 0.0284283 -0.00741497 -0.0322207 -0.0439418 -0.0561386 0.00807753 -0.10305 -0.00535054 -0.0169536 0.0181135 -0.0738613 0.0340651 0.0471291 0.0432246 -0.0137841
internal_weight=35203.7 21912.6 13291.1 6810.28 12475.4 5607.03 9076.32 9437.19 3399.11 3808.77 2667.59 6480.79 903.863 1203.25 5153.04 3496.84 4284.15 3178.41 2587.53 2150.68 1349.73 7752.95 1190.51 1323.37 3033.89 1624.43 979.452 864.569 1798.26 429.848
internal_count=237070 140959 96111 42839 94751 32858 75375 46208 19376 23738 14788 53272 6171 9981 26395 17200 19813 17652 15106 13049 7018 69219 6071 6156 14341 10919 4689 4156 9120 2151
is_linear=0
shrinkage=0.1


Tree=15
num_leaves=31
num_cat=0
split_feature=13 21 0 0 11 21 13 0 11 15 11 13 0 11 0 0 0 15 13 11 11 13 19 11 11 15 19 23 0 20
split_gain=4962.27 4387.64 2588.3 985.867 960.278 895.141 851.114 582.562 482.457 437.645 354.398 304.655 444.849 226.247 223.569 208.941 204.366 176.658 169.489 161.951 154.178 337.357 148.178 147.705 131.97 137.957 130.602 130.18 115.873 114.708
threshold=7.5000000000000009 18.500000000000004 5.7948328409722238 4.0629722944444451 19.500000000000004 18.500000000000004 6.5000000000000009 2.0869711202777781 18.500000000000004 0.50187969924812037 1.0000000180025095e-35 1.5000000000000002 3.9305618986111113 17.500000000000004 8.0136159937500029 0.71388152694444462 10.048792757083335 0.25066844919786102 22.500000000000004 7.5000000000000009 20.500000000000004 6.5000000000000009 1.4514833139583336 20.500000000000004 7.5000000000000009 0.82931668602400321 0.75995972527777789 132.50000000000003 6.931341129583334 5.5000000000000009
decision_type=2 2 2 2 2 2 2 2 2 10 2 2 2 2 2 2 2 10 2 2 2 2 8 2 2 8 10 2 2 2
left_child=2 7 6 8 5 17 11 -2 15 14 28 12 -1 -12 19 -3 20 -4 -11 -9 27 -22 -14 -10 -17 -26 -15 -6 -7 -8
right_child=1 3 4 -5 16 10 29 9 23 18 13 -13 22 26 -16 24 -18 -19 -20 -21 21 -23 -24 -25 25 -27 -28 -29 -30 -31
leaf_value=0.10802968420763044 0.076605752790147322 0.04247557596863475 0.067739188339337328 -0.10650050113544701 0.096195126101442929 0.10652827525961364 0.06213289852734856 -0.001575978195689343 0.011120493266366742 -0.051587054506695679 -0.09948449351681031 0.11280796335754031 -0.021586545996386985 -0.069822733090790776 -0.005777359476913593 -0.10854116769004514 -0.022169272287169448 0.0053785772245613997 0.053076212335360876 0.045887509749740221 0.11455606652525017 0.014382388502291635 0.067305265888206553 0.11621462168725068 -0.0028625017590949969 -0.077445408886409453 -0.0069861042548000317 0.004647322631983206 -0.031618555128343731 -0.0034646847727638958
leaf_weight=1039.2192622572184 1222.7675813063979 181.86706608533859 656.73849550634623 6432.1625156328082 203.00217691808939 154.93508894741535 354.71580208837986 1018.1245245933533 491.77585299313068 1596.2588691562414 1373.0049865692854 4385.5737422704697 534.19371291995049 739.06517499685287 2877.1391061246395 586.15952984988689 350.79935832321644 1473.486549898982 171.32925462722778 2446.0174412876368 956.21169465780258 518.47526688873768 288.96465987712145 183.68432404845953 397.6612052321434 659.0064063668251 598.72988822311163 661.3981993123889 99.840670183300972 1072.8026857674122
leaf_count=9540 7943 759 3468 64986 1353 806 1603 4525 2313 8116 11948 41095 2581 4510 12961 4682 1832 6675 829 12122 8741 2172 1768 1585 2679 4695 3201 2861 503 4354
internal_value=-0.0003978 -0.0356907 0.041293 -0.085788 0.000668232 -0.0248477 0.082501 0.0122629 -0.0325009 0.00256041 -0.0603697 0.0984181 0.0645325 -0.0709676 0.0148258 -0.0592279 0.0490063 0.0246041 -0.0414422 0.0319378 0.0596807 0.0793367 0.00961838 0.0396997 -0.0704869 -0.0493772 -0.0417002 0.0261471 0.0523918 0.0128353
internal_weight=33725.1 18264 15461.2 8932.32 7785.69 5095.8 7675.47 9331.64 2500.15 8108.87 2965.58 6247.95 1862.38 2710.8 6341.28 1824.69 2689.89 2130.23 1767.59 3464.14 2339.09 1474.69 823.158 675.46 1642.83 1056.67 1337.8 864.4 254.776 1427.52
internal_count=237206 128195 109011 81699 48070 31111 60941 46496 16713 38553 20968 54984 13889 19659 29608 12815 16959 10143 8945 16647 15127 10913 4349 3898 12056 7374 7711 4214 1309 5957
is_linear=0
shrinkage=0.1


Tree=16
num_leaves=31
num_cat=0
split_feature=13 21 0 11 0 15 13 0 0 11 11 15 11 11 0 15 19 13 0 19 13 19 19 0 13 0 0 0 0 19
split_gain=4218.36 3568.15 2756.13 1324.97 967.196 770.614 753.418 489.781 392.093 343.132 342.795 299.587 242.232 237.161 234.933 234.193 188.715 177.23 223.082 158.604 142.545 124.66 123.573 119.97 113.516 111.573 100.988 99.9213 96.9592 90.8604
threshold=6.5000000000000009 18.500000000000004 5.2021994422222235 20.500000000000004 4.1068447444444454 0.43494855625622308 7.5000000000000009 7.4822560058333343 11.104877868472224 20.500000000000004 11.500000000000002 0.33150183150183155 18.500000000000004 17.500000000000004 23.416928046388893 0.39951923076923085 0.8542531193055557 1.0000000180025095e-35 3.6242636659722227 0.62688198347222235 7.5000000000000009 1.3136993809027782 3.726790329930556 14.669422690694446 22.500000000000004 1.0452553683333334 2.2873431705555558 12.256122942638891 1.3697582370833337 2.3439951531250007
decision_type=2 2 2 2 2 8 2 2 2 2 2 8 2 2 2 10 10 2 2 8 2 8 10 2 2 2 2 2 2 8
left_child=2 7 17 5 9 23 27 11 10 16 -7 26 21 25 -5 -9 20 18 -1 -14 -3 -12 -17 -4 28 -13 -2 -6 -22 -10
right_child=1 4 3 14 6 8 -8 15 29 -11 12 13 19 -15 -16 22 -18 -19 -20 -21 24 -23 -24 -25 -26 -27 -28 -29 -30 -31
leaf_value=0.10805290133958639 0.093648070189120525 -0.0049860819994247017 0.063744603587935461 0.11279307560056351 -0.008004875928917193 0.11999993675144126 -0.10479298682908243 0.0068910753683642306 -0.10125908553235799 0.11448970665618569 -0.082782470143550418 0.073536829641087334 -0.045586338424781915 0.07081953234354986 -0.073672072432578839 -0.055261064200251092 0.00014890414013638703 0.11000638702073905 -0.0030651787366959421 0.017450799380726887 -0.022665243482961686 -0.013210029332303502 0.013403877723579302 -0.014294893061623888 0.026471492218781291 -0.004034643350081934 0.047518593732050647 -0.10303971234365175 -0.090997256788966904 -0.027038115837913421
leaf_weight=390.83569075912237 643.65729057788849 489.70168578624725 1139.1259853169322 1113.1512401849031 1074.4573393166065 170.28704705834389 5888.9301391988993 2615.5201476812363 888.79992339760065 169.97340091317892 817.36824163049459 199.68784454464912 589.69768869876862 599.58825003355742 71.935633316636086 1299.9781802818179 1157.7578409090638 4379.233870267868 335.99770073592663 1235.1439282223582 262.84667743742466 376.02652838081121 328.2748911678791 238.17768386006355 116.70257110893726 2594.8634523004293 1806.6903352886438 123.33451616019011 988.92378283292055 202.52085138857365
leaf_count=3923 4530 1990 6395 11208 4567 1409 64721 11623 8151 1595 6324 1146 2824 3611 492 6831 6901 43995 1767 5895 1205 1948 1575 1077 556 11734 9369 1150 7823 962
internal_value=-0.000349518 -0.0280294 0.0468192 0.00532941 -0.0695143 -0.0148115 -0.0900879 0.0142137 -0.0357488 -0.0237504 -0.0180411 0.0329894 -0.0258293 0.0137524 0.101475 -0.0116439 -0.0315414 0.102416 0.0566857 -0.00291966 -0.0512865 -0.0608609 -0.0414174 0.0502492 -0.0678549 0.00150831 0.0596359 -0.0177904 -0.0766489 -0.0874856
internal_weight=32309.2 20360.9 11948.3 6842.23 10272.6 5657.15 7086.72 10088.3 4279.84 3185.91 3188.52 5844.49 3018.24 3394.14 1185.09 4243.77 3015.93 5106.07 726.833 1824.84 1858.17 1193.39 1628.25 1377.3 1368.47 2794.55 2450.35 1197.79 1251.77 1091.32
internal_count=237297 140927 96370 46685 90508 34985 70438 50419 27513 20070 18400 30390 16991 16491 11700 20029 18475 49685 5690 8719 11574 8272 8406 7472 9584 12880 13899 5717 9028 9113
is_linear=0
shrinkage=0.1


Tree=17
num_leaves=31
num_cat=0
split_feature=13 15 0 0 13 0 13 16 0 13 23 21 0 19 13 13 13 0 0 15 0 0 14 15 0 15 9 13 13 13
split_gain=3660.02 3437.37 2032.01 915.704 781.311 685.707 652.522 527.907 432.164 386.294 359.709 238.935 230.301 210.357 197.087 185.903 170.57 201.84 158.149 155.169 142.062 139.946 119.173 154.886 113.552 109.466 107.598 102.844 101.462 99.2399
threshold=7.5000000000000009 0.64525506376594166 5.1582517462500013 4.1068447444444454 6.5000000000000009 11.212284236250001 2.5000000000000004 0.44274004683840756 4.2822497547222236 14.500000000000002 105.50000000000001 16.500000000000004 7.7656397154166674 0.8542531193055557 6.5000000000000009 22.500000000000004 1.0000000180025095e-35 3.4484200569444448 1.6362424300000002 0.17673086933888602 1.3196477348611113 14.263309664027778 9.5000000000000018 1.0000000180025095e-35 0.99366467708333339 0.28806779661016951 18.500000000000004 8.5000000000000018 19.500000000000004 3.5000000000000004
decision_type=2 10 2 2 2 2 2 8 2 2 2 2 2 8 2 2 2 2 2 8 2 2 2 10 2 8 2 2 2 2
left_child=2 8 4 9 16 6 10 -7 20 24 -4 19 14 -14 29 18 17 -1 -11 22 -2 28 -10 -24 -3 -22 -12 -27 -21 -8
right_child=1 3 5 -5 -6 7 12 -9 11 15 26 -13 13 -15 -16 -17 -18 -19 -20 21 25 -23 23 -25 -26 27 -28 -29 -30 -31
leaf_value=0.1093331080623457 0.088373674355605752 0.0014010558481002068 0.038902486633504998 -0.099355854576335223 0.012406135086099473 0.014950040475933901 0.05159215901374499 -0.091403192690072493 -0.039164471536570183 0.042082025803992333 -0.070954074543289267 -0.080232933873973469 -0.014065619663096199 0.048340068976943255 0.021400568257948168 0.071958128553809578 0.10869258274392013 0.00036183901135123015 -0.03762370203566387 -0.0078005699572275449 0.063111667766207233 -0.043595050414752479 0.1302169259689164 0.029570829955957285 -0.087935524809048565 -0.07928369274571781 -0.013962490289196175 0.024091183037824218 0.030843981595851434 0.10985129840062043
leaf_weight=337.81673568487167 624.32269370555878 169.22637571394444 629.83753264695406 5777.3201125860214 1272.681392878294 798.07906294614077 434.23117001354694 1124.0923936069012 188.38635385036469 357.45305202901363 966.31814635545015 366.42995420098305 930.54923705011606 1287.455853767693 590.69539101421833 325.4821851849556 3987.2430276274681 342.10808103531599 819.98444699496031 2466.0799420401454 781.44132082909346 801.69763259589672 185.25062765181065 875.68117108941078 893.45211315900087 105.15950131416321 504.07820256799459 1134.5083771198988 937.75100739300251 895.0928004309535
leaf_count=3730 4663 748 3524 65913 5356 3687 3186 10426 887 1925 6716 2786 5415 7093 2496 2163 43668 1872 5804 10927 4992 3748 969 4416 7266 464 2576 6094 4101 9265
internal_value=-0.000208009 -0.0317238 0.0373634 -0.0772784 0.0818592 0.00497569 0.0210665 -0.0472457 0.0131648 -0.0275634 -0.0243307 -0.00206541 0.0441076 0.0221582 0.0694635 0.0050652 0.100798 0.0545036 -0.0134262 0.0031855 0.0466789 -0.00600707 0.0341301 0.0471448 -0.0737091 0.0337994 -0.0514163 0.015322 0.00284595 0.0908206
internal_weight=30909.9 16809.6 14100.3 8342.92 5939.85 8160.43 6238.26 1922.17 8466.71 2565.6 2100.23 5821.28 4138.02 2218.01 1920.02 1502.92 4667.17 679.925 1177.44 5454.85 2645.43 4205.53 1249.32 1060.93 1062.68 2021.11 1470.4 1239.67 3403.83 1329.32
internal_count=236876 127866 109010 83819 54626 54384 40271 14113 44047 17906 12816 27834 27455 12508 14947 9892 49270 5602 7729 25048 16213 18776 6272 5385 8014 11550 9292 6558 15028 12451
is_linear=0
shrinkage=0.1


Tree=18
num_leaves=31
num_cat=0
split_feature=13 21 1 11 13 3 3 11 11 15 22 9 19 19 1 13 15 21 3 3 1 13 19 9 9 21 5 13 16 11
split_gain=3114.31 3084.51 1215.7 776.038 766.102 534.668 481.512 445.762 394.878 390.581 325.043 288.091 220.446 206.925 202.509 177.299 175.881 161.788 129.198 128.939 143.944 121.65 118.701 115.985 110.148 96.4683 95.8564 87.2758 86.5882 85.7438
threshold=7.5000000000000009 18.500000000000004 1.9926949459722223 20.500000000000004 6.5000000000000009 5.1336896647222234 10.313989292916668 17.500000000000004 7.5000000000000009 0.78549517966695892 38.500000000000007 17.500000000000004 2.3979927490972228 2.9720053212500006 3.9997371325000004 6.5000000000000009 0.52865353037766838 10.500000000000002 17.310684480694448 20.111640218472225 4.9900545718055573 22.500000000000004 0.86661853472222239 18.500000000000004 17.500000000000004 18.500000000000004 32.500000000000007 22.500000000000004 0.14768913971934108 6.5000000000000009
decision_type=2 2 2 2 2 2 2 2 2 8 2 2 8 8 2 2 8 2 2 2 2 2 8 2 2 2 2 2 10 2
left_child=2 8 3 9 6 7 11 22 16 24 23 14 -10 18 25 -5 28 26 29 20 27 -9 -3 -11 -1 -4 -6 -14 -2 -8
right_child=1 5 4 15 17 -7 13 21 12 10 -12 -13 19 -15 -16 -17 -18 -19 -20 -21 -22 -23 -24 -25 -26 -27 -28 -29 -30 -31
leaf_value=-0.0081328896531230183 0.024398876468622308 -0.089938103314253615 0.036830373441315477 0.10293932079958892 0.011974330148403795 -0.1000272394279087 0.087769484284611732 -0.01498045781727147 -0.013148853201635278 -0.088906862730003422 -0.0005249194711822731 0.10629633776074827 0.019907286388764767 0.063633992755927835 0.083201369964796879 0.0066844331167526293 -0.076425139565207634 -0.0054960768235811945 -0.1046875426983063 -0.032122674492172376 0.064054731375802296 0.061126034893520698 -0.039743673577490285 -0.033017633516051914 0.042285453399470305 -0.053901281152324745 0.096177775082918471 0.072048691825647423 -0.022028509298070313 -0.025502388296523106
leaf_weight=810.4411908686161 536.56092940270901 1234.8533966764808 289.09025961905718 754.59351573139429 250.89192880690098 4392.0762740299106 90.953929834067822 542.97955332696438 1311.9223383367062 1089.6690104976296 1144.0546355694532 3614.9734787046909 2943.0803516358137 446.99795738607645 736.85663874447346 256.38183921575546 496.73307155817747 1658.1608247682452 158.26186580955982 287.03096491843462 1379.5235635489225 342.50280471891165 761.76743265241385 563.25497807562351 931.17720460146666 197.06409303843975 293.17530080676079 360.31928177922964 1598.34010823071 251.9394286647439
leaf_count=4656 2694 13433 1672 8852 1177 54155 1069 3921 7050 10364 6232 42860 15004 3117 7317 1068 2813 6959 1491 1386 8409 2608 7460 2776 5048 1292 1363 1961 7052 1768
internal_value=-0.000144205 -0.0297447 0.0352499 -0.000703082 0.0602267 -0.0780653 0.0793319 -0.0445973 0.00968904 -0.0183521 -0.0415008 0.0921027 0.0233121 0.0141687 0.050149 0.0785292 -0.0228301 0.0100298 -0.029951 0.0329367 0.0369244 0.0144574 -0.0707875 -0.0698619 0.0188239 5.20311e-05 0.0573481 0.0255946 -0.01036 0.00454346
internal_weight=29725.6 16187.7 13537.9 5549.57 7988.37 7274.18 5786.14 2882.1 8913.51 4538.6 2796.98 4837.98 6281.88 948.153 1223.01 1010.98 2631.63 2202.23 501.155 4969.95 4682.92 885.482 1996.62 1652.92 1741.62 486.154 544.067 3303.4 2134.9 342.893
internal_count=237027 127946 109081 38996 70085 81577 60586 27422 46369 29076 19372 53141 33810 7445 10281 9920 12559 9499 4328 26760 25374 6529 20893 13140 9704 2964 2540 16965 9746 2837
is_linear=0
shrinkage=0.1


Tree=19
num_leaves=31
num_cat=0
split_feature=13 21 1 13 11 3 3 19 11 11 9 15 13 1 15 15 11 11 11 21 15 13 15 13 3 1 21 5 19 17
split_gain=2677.42 2730.71 1080.33 710.061 640.905 493.888 450.05 357.715 353.302 337.257 320.576 207.662 197.583 192.003 185.787 164.077 154.747 202.499 147.234 146.484 127.956 120.441 111.921 104.647 98.5606 95.5094 87.888 85.2832 83.6818 76.3899
threshold=7.5000000000000009 18.500000000000004 1.9926949459722223 6.5000000000000009 20.500000000000004 5.1695747738888898 11.827604280972224 0.8542531193055557 17.500000000000004 7.5000000000000009 17.500000000000004 0.30195010763581115 6.5000000000000009 3.9997371325000004 0.60063291139240516 0.52865353037766838 4.5000000000000009 18.500000000000004 18.500000000000004 10.500000000000002 0.82614171503668832 21.500000000000004 0.43494855625622308 22.500000000000004 10.313989292916668 3.9997371325000004 18.500000000000004 32.500000000000007 0.43929684319444451 0.074165749908324183
decision_type=2 2 2 2 2 2 2 8 2 2 2 10 2 2 10 8 2 2 2 2 8 2 8 2 2 2 2 2 10 10
left_child=2 9 4 6 7 8 10 16 20 15 13 29 -6 26 -8 -2 -1 -18 22 27 -3 25 -9 -10 -23 -13 -4 -5 -19 -11
right_child=1 5 3 19 12 -7 14 18 23 11 -12 21 -14 -15 -16 -17 17 28 -20 -21 -22 24 -24 -25 -26 -27 -28 -29 -30 -31
leaf_value=0.088856822326528098 -0.0096513748551628475 -0.031137994016322008 0.033489712002801562 0.012256451609922118 0.10108735840785121 -0.097918075131012333 0.038601995157412174 0.025755655141338873 -0.018452443520839988 0.052053630623370588 0.10461193927336102 -0.016908633942558645 -0.0011158452405073808 0.077487878197935414 -0.071148763087611741 -0.074178643896393837 -0.090702940027597823 -0.070303382651508053 0.036620695419933645 -0.0052785076737671705 -0.085709558601077596 0.055929050140825699 -0.035110316712628001 0.052154401091817126 -0.046210677012828973 0.021432563707169016 -0.048905089227880144 0.092480309201097247 -0.0098081966649957476 0.01150872014267381
leaf_weight=80.400553286075592 2126.9638043493032 647.91997023671865 327.39036522805691 248.45913621783257 698.60997287184 4037.5016855821013 456.06064085662365 473.37157011777163 537.77542912960052 2010.3452472165227 3358.8928781375289 1878.6027437001467 259.38886232674122 828.05123423784971 233.06463807076216 483.6660008430481 821.52421371638775 311.71872689574957 1094.0217458978295 1650.7829460054636 1275.4985382631421 650.50434228032827 835.03220101445913 344.30086254328489 110.52643043547869 993.19155784696341 214.13121816515923 283.95705449581146 858.15399853885174 604.39584538340569
leaf_count=541 9748 6663 1893 1171 8869 53912 2996 2383 3901 11527 43265 9364 1083 8587 2393 2837 8656 1550 5610 6923 14549 3602 6186 2620 558 5420 1447 1356 4235 3450
internal_value=-0.000264439 -0.0280753 0.03324 0.0575797 -0.00081616 -0.0755237 0.0769824 -0.0167101 -0.043295 0.00857877 0.0879855 0.021192 0.0734147 0.0472089 0.0014839 -0.0216062 -0.0471583 -0.0526497 0.00954768 0.00943203 -0.0673267 0.00572464 -0.0130894 0.00910753 0.041095 -0.00364858 0.000908741 0.0550428 -0.0259275 0.0426817
internal_weight=28734.2 15701.2 13033 7600.79 5432.22 6843 5417.59 4474.22 2805.49 8858.2 4728.47 6247.57 957.999 1369.57 689.125 2610.63 2071.8 1991.4 2402.43 2183.2 1923.42 3632.83 1308.4 882.076 761.031 2871.79 541.522 532.416 1169.87 2614.74
internal_count=237295 128151 109144 70031 39113 81645 60581 29161 27733 46506 55192 33921 9952 11927 5389 12585 14982 14441 14179 9450 21212 18944 8569 6521 4160 14784 3340 2527 5785 14977
is_linear=0
shrinkage=0.1


Tree=20
num_leaves=31
num_cat=0
split_feature=0 13 20 13 0 15 13 11 0 13 15 11 0 13 13 0 0 16 11 0 13 11 15 11 15 9 4 17 15 13
split_gain=2357.65 1991.35 1602.99 1644.38 644.367 589.281 413.227 298.577 290.268 228.508 225.485 204.087 179.864 180.974 173.014 173.867 151.491 126.718 119.604 119.137 104.699 116.488 89.4524 82.2824 77.4576 77.403 72.9081 112.237 100.672 71.2065
threshold=5.1134453355555562 6.5000000000000009 5.5000000000000009 7.5000000000000009 11.539071570833334 0.83079814921920192 2.5000000000000004 18.500000000000004 14.460935953750001 7.5000000000000009 0.33150183150183155 20.500000000000004 7.0894559980555565 6.5000000000000009 1.0000000180025095e-35 3.6667279748611117 0.61080404888888906 0.15801713586291313 19.500000000000004 0.27637359805555556 7.5000000000000009 11.500000000000002 0.53889369057908387 11.500000000000002 0.16141439205955338 18.500000000000004 9.5000000000000018 0.10150588768115944 1.0000000180025095e-35 1.0000000180025095e-35
decision_type=2 2 2 2 2 10 2 2 2 2 8 2 2 2 2 2 2 8 2 2 2 2 10 2 8 2 2 10 8 2
left_child=1 14 8 4 6 7 25 10 9 17 -3 19 13 -8 15 -1 -12 -2 29 -7 -21 -22 26 -18 -10 -4 -11 28 -28 -19
right_child=2 5 3 -5 -6 11 12 -9 24 22 16 -13 -14 -15 -16 -17 23 18 -20 20 21 -23 -24 -25 -26 -27 27 -29 -30 -31
leaf_value=0.10168317025329142 0.08911467017177592 0.049456834510010206 -0.06282564581135 -0.099791344180932398 -0.096879488415979528 0.079621428656687115 0.095073077017727839 0.079812386983699246 0.013795551461918985 -0.0075355013884378375 0.08477315038306811 0.11180241520820798 0.0062372459124001509 0.0028485261036280901 0.10525656195880183 -0.006811833320587643 -0.023257521299921449 -0.03893759279153889 0.073126256562182509 -0.0098968700418707173 -0.089758484967159546 -0.035272660004444525 -0.035490276086361933 0.012280133324019993 -0.040841395352005275 -0.01282859804216639 0.10575504961806242 -0.049492937989587732 0.022431120855494466 0.02587483401219123
leaf_weight=288.94163899123669 500.57116443663836 1257.2441748380661 828.70315620303154 4040.2482752129436 784.05357114970684 78.683610521256924 564.35461626201868 835.38640888780355 329.42043425142765 1384.4359081089497 190.20527526736259 90.561086013913155 1918.4770794808865 341.55000211298466 3098.8847607672215 302.17740502208471 1481.154339402914 203.37830689549446 500.47538095712662 597.21599140763283 694.57186923921108 901.89723277837038 482.86984066665173 1163.1731732413173 1221.9830940663815 494.37309097498655 157.65639653801918 200.12050834298134 1806.3167156428099 1018.0160047858953
leaf_count=3950 3722 8260 6564 59424 9157 339 6886 6137 1627 6326 1029 999 11740 1392 43392 1618 8811 1032 4472 2418 7749 7093 2607 7100 5812 2585 851 892 8104 5147
internal_value=-8.4083e-05 0.0359411 -0.0236616 -0.0524928 -0.0137424 0.00564286 0.00197421 0.0253318 0.00947845 0.0190834 0.0142089 -0.0354123 0.0235782 0.060302 0.0957994 0.046221 -0.00142519 0.0448282 0.0319535 -0.0412793 -0.0456158 -0.0589777 0.00489074 -0.0076254 -0.0292399 -0.044144 0.0103856 0.0218503 0.0291199 0.0150827
internal_weight=27757.1 10980.1 16777 8971.76 4931.51 7290.09 4147.46 4927.16 7805.24 6253.84 4091.78 2362.93 2824.38 905.905 3690 591.119 2834.53 2222.44 1721.87 2272.37 2193.69 1596.47 4031.4 2644.33 1551.4 1323.08 3548.53 2164.09 1963.97 1221.39
internal_count=237235 98895 138340 97748 38324 49935 29167 31337 40592 33153 25200 18598 20018 8278 48960 5568 16940 14373 10651 17599 17260 14842 18780 15911 7439 9149 16173 9847 8955 6179
is_linear=0
shrinkage=0.1


Tree=21
num_leaves=31
num_cat=0
split_feature=13 19 1 11 13 3 13 15 9 19 11 11 3 19 9 1 3 1 13 15 1 2 14 19 3 9 13 21 3 7
split_gain=1913.35 1880.18 1196.16 674.938 499.007 411.784 340.082 334.362 277.814 269.336 234.209 194.233 151.191 150.44 146.801 145.158 143.401 139.386 134.225 147.577 127.066 192.587 106.138 131.906 105.02 104.711 95.1836 90.0117 87.9131 86.7574
threshold=6.5000000000000009 1.3744326037500003 1.9926949459722223 20.500000000000004 7.5000000000000009 10.313989292916668 21.500000000000004 0.17673086933888602 17.500000000000004 0.75995972527777789 17.500000000000004 7.5000000000000009 5.8746486526388901 2.9720053212500006 17.500000000000004 4.8694260555555564 20.111640218472225 3.8657740080555563 7.5000000000000009 0.53889369057908387 1.0551658738888892 5.6296733773611125 5.5000000000000009 2.1722731870833338 8.9690943838888924 18.500000000000004 22.500000000000004 18.500000000000004 17.310684480694448 41.863721000000005
decision_type=2 8 2 2 2 2 2 8 2 8 2 2 2 8 2 2 2 2 2 8 2 2 2 10 2 2 2 2 2 2
left_child=2 4 3 9 24 8 12 22 15 25 -8 18 20 28 27 -4 17 26 -9 -20 -6 -22 -3 -24 29 -1 -13 -11 -7 -2
right_child=1 7 5 -5 6 13 10 11 -10 14 -12 16 -14 -15 -16 -17 -18 -19 19 -21 21 -23 23 -25 -26 -27 -28 -29 -30 -31
leaf_value=-0.075389326643821697 -0.050223402477874518 -0.022882428151946903 0.008877938026277437 0.097890744682021857 -0.081934661180091586 -0.0022987421664869426 -0.078552355185676964 0.02349989007272324 0.10162061649131703 -0.00019052268204457646 0.022794231849803288 -0.0022952974082337987 -0.097205854126017774 0.052776728042260329 0.026768815910380491 0.082055125923701955 -0.056583842080166737 0.038510609321260991 -0.017161566057395841 -0.076597341257379478 -0.0013977253901461518 -0.10931643739926361 0.10779674400649142 0.040382500226214667 -0.049102013632666704 -0.023808339081510168 0.051879026233630804 -0.063070818646950952 -0.098602850085170668 0.017748920242810242
leaf_weight=724.9983035326004 230.5125404894352 187.83727815002203 594.75915383547544 605.22646771371365 1226.2359100207686 322.582390666008 374.91589996218681 529.89143111556768 2820.0574232488871 602.01502245664597 582.00534412264824 3046.2919436022639 2809.1452071778476 411.25532621145248 1387.6549767106771 498.08865425735712 294.82791170477867 1702.2459625229239 1603.9069619178772 564.88833378255367 598.53233696520329 228.48716207593679 382.2487827911973 1205.8528939858079 500.48763297498226 860.90157259255648 362.96382240206003 366.08588056266308 134.23506864160299 1012.8544133529067
leaf_count=7841 998 1084 4073 8841 15941 2859 5632 2349 43011 2917 4496 17277 42000 3101 7508 6197 1632 10211 7148 5312 4543 3162 2471 7303 2675 4343 2216 4202 1491 4344
internal_value=-0.000270846 -0.0198198 0.0362879 -0.000432352 -0.0573449 0.0712101 -0.071406 0.00890302 0.0850332 -0.0155295 -0.0169127 0.000292163 -0.0821303 0.00890158 0.00591821 0.04223 0.0112294 0.0151409 -0.0216187 -0.0326423 -0.0615049 -0.0312133 0.0482012 0.0566088 -0.0104223 -0.0473887 0.00347233 -0.0239686 -0.0305975 0.00514727
internal_weight=26772 17444.1 9327.86 4546.88 7563.18 4780.98 5819.32 9880.96 3912.91 3941.66 956.921 8105.02 4862.4 868.073 2355.76 1092.85 5406.33 5111.5 2698.69 2168.8 2053.26 827.019 1775.94 1588.1 1743.85 1585.9 3409.26 968.101 456.817 1243.37
internal_count=237178 140794 96384 35652 83791 60732 75774 57003 53281 26811 10128 46145 65646 7451 14627 10270 31336 29704 14809 12460 23646 7705 10858 9774 8017 12184 19493 7119 4350 5342
is_linear=0
shrinkage=0.1


Tree=22
num_leaves=31
num_cat=0
split_feature=0 13 19 13 0 19 11 13 0 11 11 13 15 11 0 8 23 11 13 0 19 0 11 15 13 11 13 16 0 8
split_gain=1865.72 1555.18 1275.93 1439.5 525.859 441.834 389.272 304.749 260.442 234.945 214.575 191.222 166.587 158.404 138.103 136.312 129.658 122.425 107.72 116.736 99.0971 96.7308 92.547 86.4376 84.3288 91.9158 82.4184 74.8091 69.6434 64.1941
threshold=4.7115082002777786 6.5000000000000009 1.7281002049305558 7.5000000000000009 11.42734725013889 0.8542531193055557 20.500000000000004 6.5000000000000009 12.798306648055558 18.500000000000004 1.5000000000000002 7.5000000000000009 0.17673086933888602 20.500000000000004 0.71388152694444462 -88.092493999999974 97.500000000000014 18.500000000000004 1.0000000180025095e-35 3.4484200569444448 0.48304717458333341 0.27637359805555556 19.500000000000004 0.17673086933888602 7.5000000000000009 11.500000000000002 6.5000000000000009 0.15801713586291313 18.740588904722227 -88.176348499999989
decision_type=2 2 8 2 2 8 2 2 2 2 2 2 8 2 2 2 2 2 2 2 10 2 2 8 2 2 2 8 2 2
left_child=1 18 3 4 6 13 10 -8 11 12 26 22 -7 21 -14 29 -13 -12 19 -1 -19 -3 27 -10 -23 -26 -2 -4 -25 -5
right_child=2 5 8 15 -6 9 7 -9 23 -11 17 16 14 -15 -16 -17 -18 20 -20 -21 -22 24 -24 28 25 -27 -28 -29 -30 -31
leaf_value=0.10446052962164934 0.11112591703636619 0.076783193903554592 0.075299781925085352 -0.0696971752873594 -0.089317090644756736 0.068920349318748839 0.10720479421437767 -0.0061698850620056098 0.016614088928853171 0.074205463225573587 -0.054052559380590864 0.015480152223733237 0.072847031418800431 0.11058914962067845 -0.00015166010261022985 -0.098334023039421375 -0.029273148208653274 -0.056784377171870737 0.10560603724156466 0.0036289748539022207 0.002555360780550494 -0.0080321503249369819 0.072603997597215683 -0.018358953863991709 -0.086958213422877906 -0.032491168095607335 0.020598739421065194 0.017659296310846753 -0.06288725799306033 0.020771096387494303
leaf_weight=223.98894131928682 145.27153925970197 72.102164551615715 277.82035944238305 178.72268807142973 721.28492650017142 494.93634001165628 554.11965810880065 414.39101400971413 447.88886683434248 822.35448685288429 927.57840850204229 2977.9091753996909 285.10448162257671 75.860487848520279 2848.2571547590196 3491.2804623842239 827.18871976807714 351.00206410884857 2408.2559594288468 235.57575901597738 1419.8473414480686 535.30798126757145 708.42446915060282 1057.9992052689195 533.7475886978209 738.53074073046446 326.82845957577229 1187.9889252968132 525.80282579362392 139.77489123493433
leaf_count=3722 2040 316 2010 1270 9172 3711 9068 1685 2317 6342 8084 13953 1745 917 17555 59242 5397 1751 40349 1409 6813 2173 7054 5510 6475 5766 1362 6468 2814 690
internal_value=-2.19669e-05 0.0359356 -0.0200129 -0.0465976 -0.0105221 0.00853671 0.00320896 0.0586958 0.00875901 0.0259448 -0.0137408 0.0192693 0.0150065 -0.0310826 0.00649049 -0.0926208 0.00575125 -0.0246222 0.0971397 0.0527736 -0.00920644 -0.0368002 0.042927 -0.0221731 -0.0413309 -0.0553412 0.0484552 0.0285841 -0.0331418 -0.0299945
internal_weight=25955.1 9274.02 16681.1 8670.1 4860.32 6406.2 4139.04 968.511 8011.02 4450.65 3170.53 5979.33 3628.3 1955.55 3133.36 3809.78 3805.1 2698.43 2867.82 459.565 1770.85 1879.69 2174.23 2031.69 1807.59 1272.28 472.1 1465.81 1583.8 318.498
internal_count=237180 90480 146700 101177 39975 45000 30803 10753 45523 29353 20050 34882 23011 15647 19300 61202 19350 16648 45480 5131 8564 14730 15532 10641 14414 12241 3402 8478 8324 1960
is_linear=0
shrinkage=0.1


Tree=23
num_leaves=31
num_cat=0
split_feature=0 13 21 13 0 15 11 13 0 13 0 13 11 8 13 11 0 15 16 0 19 19 10 23 11 15 11 19 11 13
split_gain=1560.41 1473.87 1144.37 1361.06 489.909 385.058 338.474 295.622 201.158 200.043 199.408 163.062 152.67 136.494 119.189 116.501 112.547 100.73 91.5821 82.5936 81.6172 77.0925 81.6079 111.229 76.7223 72.5442 71.7845 71.537 71.1918 67.7904
threshold=4.7963499729166683 6.5000000000000009 14.500000000000002 7.5000000000000009 11.539071570833334 0.82931668602400321 20.500000000000004 6.5000000000000009 1.5815362106944446 3.5000000000000004 12.256122942638891 7.5000000000000009 20.500000000000004 -87.823109999999986 1.0000000180025095e-35 17.500000000000004 3.4484200569444448 0.17673086933888602 0.15801713586291313 1.0974312276388891 0.66364283659722234 2.7537915775000004 3.5000000000000004 15.500000000000002 1.0000000180025095e-35 0.17673086933888602 19.500000000000004 2.3979927490972228 7.5000000000000009 6.5000000000000009
decision_type=2 2 2 2 2 8 2 2 2 2 2 2 2 2 2 2 2 10 10 2 10 8 2 2 2 10 2 8 2 2
left_child=1 14 10 4 6 8 9 -8 28 20 11 18 19 -5 16 17 -1 -10 -2 -7 -4 -12 23 -23 -11 -24 -20 -13 -3 -28
right_child=2 5 3 13 -6 12 7 -9 15 24 21 27 -14 -15 -16 -17 -18 -19 26 -21 -22 22 25 -25 -26 -27 29 -29 -30 -31
leaf_value=0.10355056772532734 0.085543204941156317 0.015525777630703853 -0.062345047394840064 -0.042604039606822602 -0.087809683802219055 0.011282283633182148 0.10646970228400039 -0.0051529589018771433 0.052136534398879789 0.062637710024164503 -0.048481841675249056 -0.023076280204554135 0.10941434383179274 -0.099033744537044499 0.10430776218510618 0.047731695596370624 0.003895730888732055 -0.0062185883197762859 0.016291378115448184 -0.041954411842670222 -0.018496822536652569 -0.07896870791036964 0.02042234853222949 0.022693133220106142 0.0037977271092262069 -0.057772559723600229 0.092009652969484948 0.014269240429360229 0.076352296661032951 0.0044758740389014059
leaf_weight=204.59522388502955 422.14875568076968 252.62536894530058 680.40920543670654 498.12232504040003 698.6726850643754 350.74761720746756 514.35161134973168 440.42956118285656 342.00756277889013 270.51489778235555 542.69344488531351 623.92345985770226 78.166367590427399 3073.2859070710838 2238.2065698057413 701.01436822861433 254.05108706653118 2189.4628162533045 911.37741418555379 1722.9986674413085 1128.6564654111862 121.2896446287632 166.46576337516308 955.04838268458843 1225.6273789592087 412.99546045064926 298.69216401875019 2883.1486309915781 807.35875689983368 125.71042862534523
leaf_count=3717 3706 1254 5040 3265 9375 1568 9226 1786 2480 2193 2869 3126 1038 59658 40962 4729 1505 13460 4996 14913 7235 592 881 4522 6618 1878 3864 13388 6766 602
internal_value=-0.00023719 0.0327202 -0.0190742 -0.0440953 -0.0101952 0.00674457 0.0025342 0.0549795 0.0240519 -0.0126157 0.00952252 0.020085 -0.0277788 -0.0911632 0.0947912 0.0116555 0.0483503 0.00166533 0.044942 -0.0329501 -0.0349886 -0.0157726 -0.00505208 0.0112371 0.0144365 -0.035309 0.0321107 0.00762531 0.0618555 0.0660817
internal_weight=25134.8 9141.23 15993.6 8530.07 4958.66 6444.38 4259.99 954.781 4292.47 3305.21 7463.49 5265 2151.91 3571.41 2696.85 3232.48 458.646 2531.47 1757.93 2073.75 1809.07 2198.49 1655.8 1076.34 1496.14 579.461 1335.78 3507.07 1059.98 424.403
internal_count=237212 92392 144820 104396 41473 46208 32098 11012 28689 21086 40424 29682 17519 62923 46184 20669 5222 15940 13168 16481 12275 10742 7873 5114 8811 2759 9462 16514 8020 4466
is_linear=0
shrinkage=0.1


Tree=24
num_leaves=31
num_cat=0
split_feature=0 13 21 19 0 11 13 13 11 0 13 11 15 11 15 11 0 19 21 19 0 0 15 13 0 21 13 0 19 14
split_gain=1373.76 1229.79 848.959 710.545 690.88 586.858 321.072 294.524 278.988 271.858 266.489 194.115 190.607 183.372 156.382 118.342 114.367 92.5201 86.6813 84.4917 81.4654 78.2494 74.1267 73.4512 70.0334 68.387 64.6197 79.4971 63.6336 62.5867
threshold=8.6623751472222228 6.5000000000000009 18.500000000000004 1.2414825438194448 4.4099608890277784 20.500000000000004 7.5000000000000009 4.5000000000000009 17.500000000000004 2.8064203329166673 7.5000000000000009 16.500000000000004 0.45022522522522529 17.500000000000004 0.17673086933888602 20.500000000000004 18.740588904722227 0.4462047944444445 15.500000000000002 3.726790329930556 1.0452553683333334 0.27637359805555556 0.39951923076923085 1.5000000000000002 12.256122942638891 9.5000000000000018 1.0000000180025095e-35 3.4484200569444448 0.62688198347222235 55.500000000000007
decision_type=2 2 2 8 2 2 2 2 2 2 2 2 8 2 8 2 2 8 2 8 2 2 10 2 2 2 2 2 10 2
left_child=1 4 16 9 26 7 8 12 -4 15 -11 18 -6 14 -5 21 19 -14 -12 22 -16 -3 -2 -19 -10 -21 27 -1 -23 -27
right_child=2 3 6 13 5 -7 -8 -9 24 10 11 -13 17 -15 20 -17 -18 23 -20 25 -22 28 -24 -25 -26 29 -28 -29 -30 -31
leaf_value=0.10316854660930858 0.0089947676073865758 0.078150319814564093 -0.095122437184161523 0.049701099145534985 0.05228350316744116 0.10597540417745213 -0.10460381175374688 0.10463904327494687 -0.0033964165519546198 -0.004611076542483176 -0.0064109801900424411 -0.012851314187125174 -0.076046663249472651 0.056982883803308175 0.054767825153600874 0.10873293739039994 -0.043588302646375032 -0.032742419668408448 -0.093672206567490576 0.028281494176284661 -0.00014951700694535989 -0.041401060419458978 -0.029426556081970496 0.0090102687392892272 -0.095070144909762511 -0.048850789393241584 0.10548221965193126 0.0080528083574122316 0.0046594798868398284 0.019996552546378724
leaf_weight=188.43103562667966 855.14876614511013 101.1467659920454 630.59488683566451 863.09459362179041 445.25051422044635 722.99431989341974 1622.1167710274458 263.66256646066904 975.90332601964474 850.28920151293278 123.13077473640442 449.25683118775487 257.79716768860817 1013.0436792038381 288.23380301147699 95.394718982279301 702.06162688881159 836.85190317779779 1508.169302534312 1298.0906755626202 4297.8188367821276 490.97548716515303 1216.4487456083298 848.57892924547195 91.112887606024742 263.86693380028009 1857.6442097201943 164.65463827550411 770.84121273830533 264.29616947472095
leaf_count=3757 4094 462 10286 5967 3427 13990 35031 3871 5705 3473 659 4166 1647 7766 2003 1354 3632 5110 28488 6529 24192 3143 6817 4631 1051 1290 37835 1045 4587 1308
internal_value=-3.46633e-05 0.0164501 -0.0342489 -0.00317461 0.0545741 0.0261113 -0.0727891 0.00433967 -0.0423892 -0.0342238 -0.0517793 -0.0710562 -0.00673232 0.0179144 0.0106512 0.00105736 -0.00643466 -0.0202546 -0.0870857 0.000257274 0.00330204 -0.00647892 -0.0135664 -0.0117208 -0.0112245 0.015938 0.0980285 0.0588132 -0.0132628 -0.0143991
internal_weight=24356.9 16437.3 7919.64 10851.4 5585.87 3375.14 3319.73 2652.14 1697.61 4389.2 2930.85 2080.56 2388.48 6462.19 5449.15 1458.36 4599.91 1943.23 1631.3 3897.85 4586.05 1362.96 2071.6 1685.43 1067.02 1826.25 2210.73 353.086 1261.82 528.163
internal_count=237316 161573 75743 86260 75313 32676 52073 18686 17042 46332 36786 33313 14815 39928 32162 9546 23670 11388 29147 20038 26195 8192 10911 9741 6756 9127 42637 4802 7730 2598
is_linear=0
shrinkage=0.1


Tree=25
num_leaves=31
num_cat=0
split_feature=0 13 21 13 13 19 0 0 11 19 15 0 11 13 15 13 16 0 0 11 13 8 0 13 14 19 5 14 20 8
split_gain=1140.75 1100.45 820.344 707.089 486.556 462.833 363.417 312.561 214.539 196.477 150.363 146.229 140.528 128.978 119.278 116.333 108.477 105.996 94.0859 87.5741 122.376 119.148 86.6758 125.168 86.2213 117.601 81.253 68.1603 67.925 66.9466
threshold=6.7216513565277785 6.5000000000000009 11.500000000000002 7.5000000000000009 1.5000000000000002 0.8542531193055557 3.7093005156944447 12.256122942638891 18.500000000000004 1.8605157088888891 0.17673086933888602 2.0869711202777781 18.500000000000004 7.5000000000000009 0.83227810058104601 22.500000000000004 0.19109385327164577 0.55385470097222222 17.193756968472226 7.5000000000000009 7.5000000000000009 -87.845629999999986 5.5613428775000004 2.5000000000000004 13.500000000000002 12.148610817777779 38.500000000000007 98.500000000000014 1.0000000180025095e-35 -88.131550999999988
decision_type=2 2 2 2 2 8 2 2 2 10 8 2 2 2 8 2 8 2 2 2 2 2 2 2 2 8 2 2 2 2
left_child=1 4 16 7 6 11 -1 12 10 -5 -7 -3 -4 -13 -8 -15 24 -12 -18 20 -19 -22 -6 -24 29 26 -26 -11 -21 -2
right_child=2 5 3 9 22 8 14 -9 -10 27 17 13 -14 15 -16 -17 18 19 -20 28 21 -23 23 -25 25 -27 -28 -29 -30 -31
leaf_value=0.098655120830141427 0.033866487063530119 0.0036065442649800441 -0.037291155482864172 -0.10253799850790712 0.10442078967197939 0.052024332828201292 0.020095882380025992 -0.087811224385004855 0.065527801261979032 -0.053635155254239966 0.074752910132057523 -0.0091106241189870887 0.010788550166355344 -0.080979219530522339 -0.047584349627795085 0.0029498883603998149 0.0026363459693161204 0.013825014937874178 -0.042717744902798532 0.065817514185419576 -0.015940798546327864 -0.087099519208749671 0.0043016112266373342 0.1001095505376926 0.0039192664039289773 0.12126288067858111 0.056978646109021806 0.031924289962191092 0.0059351286661756229 -0.065298500142537644
leaf_weight=422.31326007470489 117.99384072422981 691.16580839082599 901.18125400692225 2033.2698288075626 1791.5965888909996 698.926777549088 562.55447994545102 543.3434777893126 757.3087665066123 404.87904441356659 193.90075506269932 528.89900699257851 1868.0408222898841 1064.154152661562 484.80641021579504 195.48722554370761 3091.7227934859693 716.03558044135571 536.81249740719795 204.47506819665432 704.4448936060071 353.32728728279471 237.65725562348962 319.92337151244283 658.55239655077457 149.81317575275898 513.77660660818219 120.91715652868152 2573.1330405622721 160.93110484629869
leaf_count=9052 663 4307 8871 46271 39678 5327 3868 8230 6432 3197 1316 2149 11764 17381 2894 1610 15572 3067 2728 1232 3305 4532 1371 5732 3653 1018 2965 676 17268 840
internal_value=1.83329e-05 0.0207367 -0.0233108 -0.0489655 0.0654723 0.00105769 0.0203441 -0.0184643 0.0156583 -0.0884475 0.00872131 -0.0354573 -0.00485791 -0.0505531 -0.0112322 -0.067954 0.00549354 0.0023433 -0.00407343 -0.000741513 -0.0180994 -0.0397099 0.093705 0.0592734 0.0271754 0.0378341 0.0271727 -0.0339591 0.0103434 -0.0233487
internal_weight=23601.3 12500.1 11101.2 5871.63 3818.85 8681.26 1469.67 3312.57 6201.55 2559.07 5444.24 2479.71 2769.22 1788.54 1047.36 1259.64 5229.6 4745.32 3628.54 4551.42 1773.81 1057.77 2349.18 557.581 1601.07 1322.14 1172.33 525.796 2777.61 278.925
internal_count=236969 130521 106448 79009 62595 67926 15814 28865 42479 50144 36047 25447 20635 21140 6762 18991 27439 30720 18300 29404 10904 7837 46781 7103 9139 7636 6618 3873 18500 1503
is_linear=0
shrinkage=0.1


Tree=26
num_leaves=31
num_cat=0
split_feature=0 11 21 11 13 13 15 11 0 13 0 15 11 19 8 19 11 13 0 22 0 21 23 14 23 19 15 3 7 5
split_gain=993.137 1087.63 702.596 534.325 511.806 490.879 450.778 322.693 241.944 237.17 190.628 137.578 116.663 105.074 101.964 90.207 78.9881 112.858 77.4688 63.3976 62.7439 61.0899 91.6676 86.529 59.1995 57.0671 56.5541 55.8518 54.9934 64.45
threshold=7.7082999276388895 20.500000000000004 18.500000000000004 2.5000000000000004 7.5000000000000009 6.5000000000000009 0.83227810058104601 17.500000000000004 3.086390444444445 6.5000000000000009 1.3196477348611113 0.29277003484320563 18.500000000000004 4.645596003125001 -88.321194999999989 0.59571141236111125 9.5000000000000018 6.5000000000000009 14.870643037500001 8.5000000000000018 12.256122942638891 10.500000000000002 17.500000000000004 54.500000000000007 105.50000000000001 0.58121857659722231 0.48156642881413531 13.23503686388889 42.009102500000004 33.500000000000007
decision_type=2 2 2 2 2 2 10 2 2 2 2 8 2 8 2 8 2 2 2 2 2 2 2 2 2 10 10 2 2 2
left_child=1 3 13 5 7 -1 10 -4 9 -8 -5 -12 24 18 -15 -13 17 -17 19 -2 25 22 27 -23 -10 -9 -21 -16 -20 -30
right_child=2 -3 4 6 -6 -7 8 20 12 -11 11 15 -14 14 21 16 -18 -19 28 26 -22 23 -24 -25 -26 -27 -28 -29 29 -31
leaf_value=0.10525276157940644 -0.015177010809690998 0.10355452940370008 -0.090178346568271145 0.058211895141983674 -0.10325885068027195 0.003770194082493716 0.10472334565716157 -0.028275506280302305 0.061122270710064666 -0.014915040338456946 0.032155749089101578 -0.058371814042567874 -0.023849712826131169 -0.063054996800376392 0.023585635348835898 0.10491535511292803 0.011108263387093304 -0.023072550294313349 -0.055124351262120556 0.033464487642105266 -0.090695738561975964 -0.068122819562480452 0.049136848313160925 0.043461443137821687 -0.074888695828883023 0.014035488597413668 -0.019095986318309076 -0.064246155328819554 -0.048703892947084257 0.042546113372674062
leaf_weight=987.33260396495461 1755.7749344818294 1300.1502365320921 601.68936365842819 824.15652422606945 1553.6721072085202 921.50239564850926 194.66203352436423 465.4058197028935 32.862805280834436 1113.6388960555196 1642.2328653000295 262.33946678414941 881.58261709287763 143.12065970152617 167.17638644948602 72.392231721431017 3072.3866970315576 1426.6769205257297 605.17839901149273 649.82307768240571 79.129503536969423 152.10998279228806 980.53782154247165 127.95482126250863 1220.958440348506 1011.7540735192597 298.86345996707678 127.70404385775328 155.58894071727991 154.0302917137742
leaf_count=23471 9132 27433 11044 8318 40312 5702 4763 3101 172 7272 11614 2841 4456 694 894 1692 19327 9853 3381 3439 1055 750 5216 610 20647 6014 1861 611 821 809
internal_value=-0.000265224 0.0164575 -0.0261061 0.00750772 -0.0594952 0.0562614 -0.0011542 -0.0279869 -0.0309774 0.00288595 0.0129143 0.00714958 -0.0517246 -0.00280178 0.0177166 -0.00134602 0.00192649 -0.0168918 -0.0124315 -0.0039226 -0.0039426 0.0251484 0.034435 -0.0171427 -0.0713238 0.000704648 0.0169064 -0.0144517 -0.037587 -0.00330857
internal_weight=22982.4 13952.9 9029.51 12652.7 3711.65 1908.83 10743.9 2157.98 3443.7 1308.3 7300.18 6476.03 2135.4 5317.86 1698.6 4833.8 4571.46 1499.07 3619.26 2704.46 1556.29 1555.48 1275.42 280.065 1253.82 1477.16 948.687 294.88 914.798 309.619
internal_count=237305 147561 89744 120128 61526 29173 90955 21214 37310 12035 53645 45327 25275 28218 8775 33713 30872 11545 19443 14432 10170 8081 6721 1360 20819 9115 5300 1505 5011 1630
is_linear=0
shrinkage=0.1


Tree=27
num_leaves=31
num_cat=0
split_feature=0 13 19 13 9 11 19 13 15 13 0 11 13 13 0 16 8 4 17 2 16 0 16 3 12 7 7 17 8 13
split_gain=845.837 1013.23 704.524 856.466 280.586 237.659 200.294 159.721 154.56 130.604 123.082 128.118 209.72 119.754 107.844 102.524 88.2669 85.2109 119.652 116.842 86.7063 83.0873 77.2596 89.3717 71.5798 66.0213 60.2134 62.2979 59.6291 58.5615
threshold=4.7963499729166683 6.5000000000000009 1.3511382362500004 7.5000000000000009 17.500000000000004 20.500000000000004 0.63181382041666678 7.5000000000000009 0.53889369057908387 2.5000000000000004 12.937094878194447 20.500000000000004 6.5000000000000009 1.0000000180025095e-35 0.4465928845833334 0.33258594917787748 -87.848579999999984 9.5000000000000018 0.051758483308146731 11.195739672083336 0.18379075768238332 3.223629577638889 0.15801713586291313 8.8614122690277792 5.5000000000000009 41.874858500000009 42.008733500000012 0.099649385198170931 -88.092493999999974 21.500000000000004
decision_type=2 2 8 2 2 2 8 2 8 2 2 2 2 2 2 8 2 2 10 2 10 2 8 2 2 2 2 10 2 2
left_child=1 13 3 4 28 6 -3 9 17 22 11 25 -13 21 -8 -16 -5 -9 19 -19 -20 -1 -4 -24 29 -6 27 -22 -2 -17
right_child=2 5 7 16 10 -7 14 8 -10 -11 -12 12 -14 -15 15 24 -18 18 20 -21 26 -23 23 -25 -26 -27 -28 -29 -30 -31
leaf_value=0.10337355808169973 0.052184219849126516 -0.038679381852082667 0.052140469754280196 -0.032401602929632657 -0.034635731217193232 0.10791217797802749 0.075201422427211506 -0.01536796790082152 -0.041739278253636443 0.038762357264712048 -0.10611681714922908 0.10467534318747147 -0.0075283164194298443 0.10113773246966913 0.029875461792195232 -0.0045204728432921577 -0.096989914380622322 0.021309582647983435 0.02644103623474231 0.12362515180980969 -0.032778035744557114 0.0055585892664196078 0.0045653160380721737 -0.062326901714544559 -0.055829169795203817 0.0049130173426025908 0.021308134552456753 -0.1143797756024318 -0.069466041665227976 0.035085907520691059
leaf_weight=131.85269696637988 42.466883428394794 1002.9763923697174 199.97318717464805 236.9714731797576 569.12211250141263 219.72056277468801 244.21170761436224 1717.6957435980439 991.59989976882935 1887.2126834131777 100.73904272541404 311.3600699044764 358.24939520657063 1561.9918025024235 1368.0702968612313 2503.0860530920327 1975.2637966051698 1650.2782016471028 304.45586787164211 119.70990358293056 322.00372694060206 254.38186183199286 637.77412734180689 290.80392798036337 236.21140071749687 1633.9936477392912 127.42401848733425 131.87118377909064 787.20804840326309 438.75890738144517
leaf_count=3516 256 8991 1571 1466 3519 3367 1843 8249 10792 14761 1749 7699 1456 40948 10161 17438 53577 8042 1512 590 1444 1695 3959 1745 1605 9755 571 608 11532 2648
internal_value=-2.09546e-05 0.0261347 -0.0144853 -0.0405971 -0.0118186 0.00582808 0.00195638 0.00425654 -0.00609371 0.0226696 0.0025292 0.00633913 0.044645 0.0888092 0.0104645 0.00698691 -0.0900713 0.00198829 0.0132141 0.0282295 -0.016791 0.0389506 -0.00424134 -0.0163834 -0.00286602 -0.00530345 -0.0394339 -0.056487 -0.0632394 0.00138659
internal_weight=22357.4 7961.26 14396.2 6015.37 3803.14 6013.04 5793.31 8380.8 5365.04 3015.76 2973.46 2872.73 669.609 1948.23 4790.34 4546.13 2212.24 4373.44 2655.74 1769.99 885.755 386.235 1128.55 928.578 3178.06 2203.12 581.299 453.875 829.675 2941.84
internal_count=237065 92212 144853 91009 35966 46053 42686 53844 31808 22036 24178 22429 9155 46159 33695 31852 55043 21016 12767 8632 4135 5211 7275 5704 21691 13274 2623 2052 11788 20086
is_linear=0
shrinkage=0.1


Tree=28
num_leaves=31
num_cat=0
split_feature=0 13 0 8 11 19 11 0 13 15 13 13 13 11 15 11 19 8 0 19 9 19 17 9 11 0 16 4 14 5
split_gain=750.817 725.865 610.999 593.823 514.196 432.674 227.197 189.727 232.715 155.355 145.971 132.951 132.071 122.947 104.313 86.6504 80.8841 78.3169 68.0113 64.2992 67.1298 79.845 62.3576 60.2762 57.972 71.767 57.6979 49.6822 58.0321 49.6531
threshold=9.7100563112500016 6.5000000000000009 4.1954567877777782 -87.814233499999986 20.500000000000004 1.2414825438194448 13.500000000000002 3.1321128234722226 7.5000000000000009 0.45022522522522529 21.500000000000004 21.500000000000004 7.5000000000000009 16.500000000000004 0.17673086933888602 20.500000000000004 0.4462047944444445 -87.807545999999988 0.71388152694444462 4.645596003125001 19.500000000000004 5.3963720209722235 0.10015673981191224 18.500000000000004 4.5000000000000009 0.21936589208333337 0.33258594917787748 19.500000000000004 24.500000000000004 31.500000000000004
decision_type=2 2 2 2 2 8 2 2 2 8 2 2 2 2 8 2 8 2 2 8 2 10 10 2 2 2 8 2 2 2
left_child=1 2 -1 19 6 7 -4 15 -9 -8 17 14 13 -5 -7 24 -11 -10 -16 29 -21 -22 26 -18 -3 -26 -20 28 -24 -2
right_child=3 5 4 12 -6 11 9 8 10 16 -12 -13 -14 -15 18 -17 23 -19 22 20 21 -23 27 -25 25 -27 -28 -29 -30 -31
leaf_value=0.096565288404191985 -0.030629528858423839 0.065427691199986204 0.10654926820513791 -0.089689513843632607 0.1046558953690834 0.038547127143691781 0.044783939563562067 -0.0045491275526601356 -0.011186168792198305 -0.061426745266556775 -0.011727162811234291 0.047572299548003107 -0.096193005425813854 -0.019876929255626646 0.056264239839872554 0.10630328421779359 -0.024219867969360473 -0.090642186378866202 0.016552525282030852 0.026275691068939722 0.028458483097271184 -0.083097011309777369 0.043617470514991492 0.0096979342339703969 0.083329896672889522 -0.017185980860992336 -0.0071576198533079092 -0.10575735510476228 -0.05540706461418321 -0.0011861301804741878
leaf_weight=1458.1395690217614 1104.4908106327057 104.0597216412425 202.97943153232336 412.35979555547237 607.13845227845013 864.70019872114062 557.02709423750639 914.11992207169533 138.33320678770542 310.7881358936429 373.25671181827784 911.46961768716574 1120.8980813361704 649.73957024514675 212.41829101741314 71.109491348266602 1017.9983246773481 1201.5689880289137 1633.3871960714459 907.71732914075255 119.33191495761275 138.77324383705854 92.380225960165262 1079.6155659407377 74.981702141463757 1348.5707965604961 2761.5896486788988 91.118524603545666 164.67774932272732 1189.7014272399247
leaf_count=40550 5811 425 4644 8264 15478 6746 4381 3740 1018 2160 4875 6832 30670 5366 1881 1350 7347 30487 8697 4617 600 655 552 5267 362 9212 17089 525 892 6581
internal_value=9.8736e-07 0.0109483 0.041585 -0.0314101 0.0203513 -0.0036845 0.00419666 -0.028764 -0.0452925 -0.00280923 -0.0670326 0.0120597 -0.0722501 -0.0469816 0.00649835 -0.00160174 -0.0138168 -0.082439 0.000906143 -0.0056433 0.01348 -0.0315206 -0.00157303 -0.0067628 -0.00662466 -0.0118916 0.00165422 -0.0423101 -0.0198201 -0.015361
internal_weight=21834.4 16191.4 5233.69 5643.01 3775.55 10957.7 3168.41 4226 2627.28 2965.43 1713.16 6731.74 2183 1062.1 5820.27 1598.72 2408.4 1339.9 4955.57 3460.01 1165.82 258.105 4743.15 2097.61 1527.61 1423.55 4394.98 348.176 257.058 2294.19
internal_count=237074 174510 79827 62564 39277 94683 23799 51469 40120 19155 36380 43214 44300 13630 36382 11349 14774 31505 29636 18264 5872 1255 27755 12614 9999 9574 25786 1969 1444 12392
is_linear=0
shrinkage=0.1


Tree=29
num_leaves=31
num_cat=0
split_feature=0 13 11 11 21 21 11 13 19 22 19 0 0 22 19 0 13 19 3 0 17 9 13 16 16 9 2 3 20 16
split_gain=651.969 628.485 613.109 773.481 526.969 418.903 210.084 348.569 153.881 133.037 107.712 100.504 80.701 74.2483 73.2388 61.354 67.8558 59.7367 57.958 57.9518 57.5403 59.8093 56.0696 55.3707 53.6795 51.5579 58.6071 57.689 65.3961 50.2759
threshold=10.600719235833335 6.5000000000000009 12.500000000000002 20.500000000000004 18.500000000000004 11.500000000000002 12.500000000000002 7.5000000000000009 1.2766907140277781 25.500000000000004 0.58705826375000014 1.6362424300000002 1.2602232281944445 37.500000000000007 0.85855766840277792 12.256122942638891 7.5000000000000009 2.9720053212500006 9.2899293554166693 1.6362424300000002 0.062622549019607857 19.500000000000004 22.500000000000004 0.1081941814425891 0.35737937559129618 17.500000000000004 4.0629134208333335 7.5701729706944452 3.5000000000000004 0.26684118673647478
decision_type=2 2 2 2 2 2 2 2 8 2 10 2 2 2 10 2 2 8 2 2 8 2 2 8 10 2 2 2 2 10
left_child=1 2 -1 8 17 11 7 18 13 12 -8 -3 -9 -4 -14 16 -6 24 -7 -12 21 29 -21 -13 -2 27 -27 28 -25 -19
right_child=4 5 3 -5 15 6 10 9 -10 -11 19 23 14 -15 -16 -17 -18 20 -20 22 -22 -23 -24 25 -26 26 -28 -29 -30 -31
leaf_value=0.10391874316778696 -0.0050269073449906668 0.057796540204074931 -0.038291875936713016 0.10391926646917671 -0.025218367266979597 0.01230288634001515 -0.038722744451533807 0.027868645850749958 0.024566672699456091 -0.092221069009816234 0.048734763195132091 0.039597497221901146 -0.087086124255146002 -0.00033841831910928028 -0.033323175552283861 -0.10072664324383135 -0.10262100425894836 0.03817905603090959 -0.036415327487870991 -0.006335553632744368 -0.026711607782063929 -0.030235713470970267 0.04005657325286107 0.013586623199357268 -0.050380610447991227 0.0057992675069435135 -0.03847907102453977 0.03558226227034747 -0.036259261897222284 -0.0037802490089330096
leaf_weight=1092.9701385945082 463.14545841515064 522.55677603557706 989.31891531124711 877.60463227517903 282.72492430731654 1079.4346310645342 557.51442356593907 146.10997971892357 1384.7850295305252 898.53777635097504 338.68479570746422 615.83536980673671 377.95200125128031 1076.1162772513926 768.77134673856199 902.84281431697309 188.95517204143107 650.54872180521488 315.58365215361118 1268.4890572186559 629.96980050206184 301.48334416002035 327.85188771039248 1548.1189664453268 597.80738966539502 931.86523467674851 440.10928853601217 931.74557437002659 317.11971637606621 508.98965575546026
leaf_count=33996 2209 5600 7791 25956 3219 4443 6427 739 9311 22701 2621 4476 8970 5766 7751 27238 6442 3288 1311 11495 3058 1496 3038 8246 3960 4774 2166 4679 1597 2513
internal_value=-0.000101341 0.00897092 0.0369969 0.0200961 -0.0337873 -0.00437173 -0.0222939 -0.0377919 -0.00122528 -0.062666 5.32688e-06 0.016156 -0.0421248 -0.0185177 -0.0510431 -0.0854558 -0.0562259 -0.0112553 0.00128176 0.0111636 -0.001449 0.00944385 0.00319233 0.0116083 -0.030582 0.00747379 -0.00840457 0.0152624 0.00511204 0.0197606
internal_weight=21333.5 16807.1 5420.79 4327.82 4526.47 11386.3 6078.93 3586.39 3450.22 2191.37 2492.54 5307.35 1292.83 2065.44 1146.72 1374.52 471.68 3151.94 1395.02 1935.03 2090.99 1461.02 1596.34 4784.79 1060.95 4168.96 1371.97 2796.98 1865.24 1159.54
internal_count=237277 183854 82820 48824 53423 101034 69496 45915 22868 40161 23581 31538 17460 13557 16721 36899 9661 16524 5754 17154 10355 7297 14533 25938 6169 21462 6940 14522 9843 5801
is_linear=0
shrinkage=0.1


Tree=30
num_leaves=31
num_cat=0
split_feature=0 13 21 13 11 13 0 13 11 13 11 19 0 0 9 16 3 0 3 19 0 19 4 16 17 16 3 10 17 4
split_gain=564.181 458.313 901.547 418.137 253.745 297.728 238.47 190.772 148.615 124.769 113.572 118.359 109.507 101.222 88.2009 86.6923 94.2047 83.1015 79.728 79.0066 73.3745 71.1816 69.3882 69.2746 66.6845 65.4665 54.8693 52.8936 68.3002 81.1428
threshold=2.7118979233333342 7.5000000000000009 18.500000000000004 6.5000000000000009 20.500000000000004 6.5000000000000009 5.3803979972222233 2.5000000000000004 20.500000000000004 21.500000000000004 1.5000000000000002 1.0082568831944447 5.6566454248611118 23.416928046388893 17.500000000000004 0.15801713586291313 8.8614122690277792 11.766851255000002 20.69181998777778 0.70472087937500005 0.21936589208333337 4.1641842433333336 10.500000000000002 0.50138121546961345 0.11443452380952382 0.33258594917787748 14.228501737222222 4.5000000000000009 0.056753073802223671 10.500000000000002
decision_type=2 2 2 2 2 2 2 2 2 2 2 8 2 2 2 8 2 2 2 8 2 8 2 10 8 8 2 2 10 2
left_child=3 4 14 -1 7 13 9 15 20 -4 12 17 -9 -6 18 -2 19 -12 21 -17 -5 -3 -23 27 26 -22 -24 -16 29 -29
right_child=1 2 6 8 5 -7 -8 10 -10 -11 11 -13 -14 -15 23 16 -18 -19 -20 -21 25 22 24 -25 -26 -27 -28 28 -30 -31
leaf_value=0.10304112604917291 0.042211562243913064 -0.00095890522326408812 -0.059546926890680307 0.083699460080629839 0.10363705265861119 -0.0030361841679959053 -0.09561361914239816 0.099688667506606946 0.10634924029042032 0.010928912432260218 -0.0042728272453152263 0.025847304025768288 0.020956907697961075 -0.045333894151441734 -0.0045185922299214899 -0.045861257351035203 -0.068725582730410795 -0.079583230254636539 -0.047248076088558508 -0.0014506954151026969 0.038757067066690208 0.003048450958045637 0.046329073528516326 -0.065016555624001618 -0.024612029825723952 6.4324719276551558e-05 0.12843847161079525 -0.08320702109724451 -0.11558470876063248 0.022644301381852014
leaf_weight=743.4356788136065 209.81011614203453 2453.4649100899696 731.15679602138698 138.02896071597934 675.94564022496343 569.46476735547185 1597.5496747549623 287.27014914900064 181.17400702089071 382.68218756094575 1342.9514156058431 1729.045303883031 458.81696486100554 48.911907378584146 1842.1770004406571 585.08300063572824 404.31327247805893 164.46441823244095 262.55274154245853 1270.3047937713563 564.87519786134362 697.75408867746592 640.88142099231482 273.20229475200176 116.73661636561155 1935.8823341913521 93.223268382251263 122.44687979668379 101.29507850855589 177.25557424873114
leaf_count=26642 1758 12647 14757 1063 21600 2533 55501 8035 3362 3008 8953 11730 2825 505 9283 4918 4418 3897 1365 8436 5412 3700 3632 2211 576 11910 479 630 485 910
internal_value=0.000103308 -0.00738415 -0.0221137 0.0363256 0.0106654 0.0510743 -0.0708505 0.00255912 0.0187372 -0.0353335 0.0160996 0.00799155 0.0512714 0.0935848 -0.00262622 -0.0192774 -0.0249865 -0.0124895 0.00613446 -0.0154552 0.0127219 0.00963659 0.0264232 -0.0174733 0.0455923 0.0088043 0.0567561 -0.0116829 -0.0445957 -0.0206025
internal_weight=20802.2 17238.8 9492.38 3563.4 7746.38 1294.32 2711.39 6452.06 2819.96 1113.84 3982.55 3236.46 746.087 724.858 6780.99 2469.51 2259.7 1507.42 4264.61 1855.39 2638.79 4002.06 1548.6 2516.38 850.841 2500.76 734.105 2243.17 400.998 299.702
internal_count=237181 188792 109184 48389 79608 24638 73266 54970 21747 17765 35440 24580 10860 22105 35918 19530 17772 12850 22399 13354 18385 21034 8387 13519 4687 17322 4111 11308 2025 1540
is_linear=0
shrinkage=0.1


Tree=31
num_leaves=31
num_cat=0
split_feature=0 11 15 15 0 13 11 13 13 11 11 0 21 13 11 11 13 19 0 0 20 8 13 22 8 23 17 7 4 1
split_gain=476.717 489.481 458.548 268.254 262.132 251.276 235.922 287.104 154.151 275.311 146.024 140.652 128.532 111.257 109.97 104.213 96.3386 162.94 80.8827 78.0791 68.1242 61.4354 53.1942 48.355 48.0262 52.6285 49.8478 50.7807 53.6315 46.7887
threshold=9.7100563112500016 20.500000000000004 0.65657906785092945 0.83227810058104601 7.6545610705555562 7.5000000000000009 5.5000000000000009 6.5000000000000009 6.5000000000000009 13.500000000000002 7.5000000000000009 12.256122942638891 11.500000000000002 7.5000000000000009 7.5000000000000009 21.500000000000004 7.5000000000000009 2.292291960694445 1.2066200700000003 5.1582517462500013 1.5000000000000002 -87.791699999999977 1.5000000000000002 54.500000000000007 -88.109293499999993 34.500000000000007 0.016969721902254407 42.032466000000007 21.500000000000004 0.62902625180555571
decision_type=2 2 10 8 2 2 2 2 2 2 2 2 2 2 2 2 2 8 2 2 2 2 2 2 2 2 8 2 2 2
left_child=1 3 21 8 -3 6 7 -5 9 -1 -7 13 -12 -4 16 -6 -10 -18 -16 23 -20 24 -8 29 26 -26 -2 28 -28 -14
right_child=2 4 11 5 15 10 22 -9 14 -11 12 -13 19 -15 18 -17 17 -19 20 -21 -22 -23 -24 -25 25 -27 27 -29 -30 -31
leaf_value=0.10323818129942886 0.0093195270182515385 0.10108167640703128 -0.016586326303252456 0.10335513624979974 0.097999405525091232 -0.087947180704172359 -0.046977384057759822 -0.00068972347916578024 0.018329608373830544 0.017422263411164051 0.098297450363648758 -0.096132205153941386 -0.058408460251409278 -0.090837857456889257 0.0596364244282813 -0.0074673654503638236 -0.06887660175777359 -0.0033760639778155385 0.031935693143549923 -0.084397664559502705 0.0032928621436396606 -0.050767216989368195 -0.0083839796659479632 0.053988834155786827 -0.008332499190708385 0.026840167654091515 -0.02564738655950698 0.03636374960653644 -0.096104543590680977 -0.010804627768613323
leaf_weight=484.16894271597266 574.24210231378675 836.66414541937411 640.40311209112406 420.16185685060918 117.27293990924954 550.16004428640008 557.34229785576463 719.17328061163425 838.64844637364149 1640.6003271304071 77.64147874712944 853.25467947311699 325.17335981875658 294.64201493375003 387.3664281591773 465.87672863341868 537.463922098279 1294.5388871915638 1179.5469369404018 248.61921876855195 2805.0108515247703 264.23920613713562 994.23960082232952 77.875958822667599 781.92717791348696 933.03855946473777 675.82307659834623 107.1808467656374 128.59292840212584 565.60170490853488
leaf_count=17880 3076 27097 5658 15822 1807 15158 4244 2940 3906 11038 393 27481 4656 10577 3715 3383 8427 6469 7561 8271 20818 2311 5674 417 3943 4720 3410 591 692 4881
internal_value=0.000303195 0.00931812 -0.0256487 0.00352718 0.0652094 -0.0163633 0.00312596 0.0376797 0.013369 0.036977 -0.0447871 -0.0667739 -0.0264501 -0.0399837 0.00624633 0.0137423 -0.00974183 -0.0225923 0.0160129 -0.0344069 0.011772 -0.00442404 -0.0222471 -0.0215759 -0.000598223 0.0108034 -0.0137581 -0.0282954 -0.0369106 -0.0281822
internal_weight=20376.5 15123.1 5253.34 13703.3 1419.81 4535.99 2690.92 1139.34 9167.34 2124.77 1845.07 1788.3 1294.91 935.045 7042.58 583.15 2670.65 1832 4371.92 1217.27 3984.56 3465.04 1551.58 968.651 3200.8 1714.97 1485.84 911.597 804.416 890.775
internal_count=237016 174557 62459 142270 32287 62456 28680 18762 79814 28918 33776 43716 18618 16235 50896 5190 18802 14896 32094 18225 28379 18743 9918 9954 16432 8663 7769 4693 4102 9537
is_linear=0
shrinkage=0.1


Tree=32
num_leaves=31
num_cat=0
split_feature=0 13 19 13 22 13 11 13 0 23 13 14 3 9 8 2 15 16 13 11 11 3 8 14 15 8 2 15 2 1
split_gain=403.076 461.906 392.356 587.768 198.005 165.497 137.15 117.965 95.3795 84.0469 82.9275 79.9221 84.1744 77.954 80.9426 74.0929 73.2908 72.493 71.7935 160.466 132.29 68.6615 67.6855 63.6867 79.9777 63.2487 63.0321 62.6187 58.3084 54.8398
threshold=3.086390444444445 6.5000000000000009 1.3511382362500004 7.5000000000000009 38.500000000000007 21.500000000000004 20.500000000000004 7.5000000000000009 12.383873283194447 99.500000000000014 1.0000000180025095e-35 114.50000000000001 8.8112442906944448 18.500000000000004 -88.08436549999999 16.893932485694446 0.33150183150183155 0.31791443850267381 6.5000000000000009 20.500000000000004 12.500000000000002 21.244381378333337 -87.634941499999982 24.500000000000004 0.37237710931768164 -87.848579999999984 6.5336961222222234 0.35834976063080826 4.1631401712500011 12.962288482500002
decision_type=2 2 8 2 2 2 2 2 2 2 2 2 2 2 2 2 8 8 2 2 2 2 2 2 10 2 2 8 2 2
left_child=1 -1 3 4 13 25 16 10 18 21 28 12 26 14 -2 17 -3 -12 19 20 -6 29 -20 -14 -25 -5 -11 -23 -4 -9
right_child=2 6 7 5 8 -7 -8 9 -10 11 15 -13 23 -15 -16 -17 -18 -19 22 -21 -22 27 -24 24 -26 -27 -28 -29 -30 -31
leaf_value=0.10251602103678288 0.056666318780421922 0.042506774333690628 -8.4925630553017275e-05 -0.032373227450507462 0.10410408735882265 -0.014833881217046901 0.10526950708636161 0.0043083197548689639 -0.10058923528616422 0.0032875861691958538 0.050843811328060644 0.034693659965308592 -0.11954485589211526 -0.0087782058742892442 -0.061638908816437514 -0.079804008284711861 0.0013431020855418842 0.017163105440190441 0.012099044301533564 0.10282030470099164 0.0037462057499878369 -0.0099315830182006692 -0.047572705615086808 0.021162799888356374 -0.078949587892918935 -0.089091272202531283 -0.068811382360119758 -0.10790356092408038 -0.08901275755765467 0.053148222370242026
leaf_weight=696.24587235599756 62.548016224056482 519.43851123377681 358.44651916250587 225.50953025370836 149.05760926008224 466.5641285404563 152.81384859606624 4519.8713115602732 71.147662157192826 580.88313509896398 1052.4769324548542 202.05792836099863 150.05170398391783 786.51439354009926 767.04040186107159 62.43643793836236 2585.3342553637922 1626.8410748802125 664.53559089824557 254.05425473302603 1105.5320679433644 191.65974806249142 266.24974072724581 127.81783207505941 212.40550233982503 1534.2979412246495 153.24532219208777 98.903059989213943 92.826168650761247 242.22477979958057
leaf_count=30169 454 5459 2468 1434 5395 7940 3380 23241 1848 5290 10895 1516 2266 6343 12502 350 16884 14479 2826 10275 6042 877 1133 641 2810 56354 1369 657 610 1292
internal_value=-1.19271e-05 0.0285837 -0.0070672 -0.0263739 -0.00403255 -0.0677847 0.0127821 0.00561423 0.013542 -0.00213857 0.0213458 -0.023574 -0.0331897 -0.0313342 -0.0527191 0.0278839 0.00822992 0.0303934 0.0168708 0.0303458 0.0156697 0.00391307 -0.00496997 -0.0652741 -0.0413386 -0.0818232 -0.0117627 -0.0432797 -0.0183773 0.00679257
internal_weight=19979 3953.83 16025.2 6353.05 4126.68 2226.37 3257.59 9672.15 2510.58 6479.12 3193.03 1426.46 1224.4 1616.1 829.588 2741.75 3104.77 2679.32 2439.43 1508.64 1254.59 5052.66 930.785 490.275 340.223 1759.81 734.128 290.563 451.273 4762.1
internal_count=237199 55892 181307 112546 46818 65728 25723 68761 27519 39959 28802 13892 12376 19299 12956 25724 22343 25374 25671 21712 11437 26067 3959 5717 3451 57788 6659 1534 3078 24533
is_linear=0
shrinkage=0.1


Tree=33
num_leaves=31
num_cat=0
split_feature=0 15 13 11 11 19 11 15 13 22 13 11 0 13 15 0 9 15 10 3 14 20 15 18 18 13 21 15 19 3
split_gain=347.42 411.686 351.941 489.008 556 244.336 136.967 123.617 85.0079 204.051 80.8895 86.0767 80.8408 73.4129 59.2145 57.6195 57.366 55.4392 55.2462 54.0688 53.2981 51.4115 48.5386 48.5318 45.8266 45.7631 45.2168 45.0542 55.4704 51.9337
threshold=10.797932945000001 0.65657906785092945 6.5000000000000009 12.500000000000002 20.500000000000004 0.63181382041666678 10.500000000000002 0.8334890965732088 7.5000000000000009 27.500000000000004 7.5000000000000009 11.500000000000002 1.6362424300000002 22.500000000000004 0.64525506376594166 12.798306648055558 17.500000000000004 0.29277003484320563 5.5000000000000009 7.6738373759722238 13.500000000000002 90.500000000000014 0.26407547169811324 11.814583333333335 12.400138888888891 7.5000000000000009 319.50000000000006 0.18528922180607577 7.955954492500001 15.903895826111112
decision_type=2 10 2 2 2 8 2 10 2 2 2 2 2 2 10 2 2 10 2 2 2 2 8 10 8 2 2 10 8 2
left_child=2 18 3 -1 7 10 8 22 21 14 19 -12 -8 17 -10 25 -9 -14 20 -4 24 26 -5 -21 -2 -3 -7 28 29 -22
right_child=1 15 5 4 -6 6 12 16 9 -11 11 -13 13 -15 -16 -17 -18 -19 -20 23 27 -23 -24 -25 -26 -27 -28 -29 -30 -31
leaf_value=0.10274149153075425 -0.082798533151345818 -0.024291906183592844 0.014913151945689582 0.053689104037895001 0.10274705500072308 0.013894570673510402 0.047715490666107925 -0.065553723600462438 -0.0023694768750011485 -0.08535816064797884 -0.089691262146316009 -0.029193524264821386 0.02587641062816793 0.041716759759367117 -0.041088503005364541 -0.097030152488653237 -0.013336452414459441 -0.0032524509313138551 -0.06185110248711008 -0.011415673082463782 -0.015130214378881455 0.066808027436631431 0.0094084860513133084 -0.091884137089078166 -0.011438313021372933 -0.089940998495133095 -0.043216839490923184 -0.004344100389327212 0.097474105992240309 0.059469280589952392
leaf_weight=760.97851703502238 139.55956473015249 266.67986374348402 344.31115002930164 289.74873287603259 617.45749552361667 906.77501674741507 645.58599537797272 255.49598021805286 2416.8445970341563 394.63775954395533 451.02933534234762 491.43883823230863 871.61039434745908 607.41010318510234 472.14631423354149 661.44494416937232 1191.7403135113418 2609.6949538104236 168.44536708667874 195.07393619418144 245.60446224361658 154.86411938071251 1699.6730704493821 121.71588440239429 253.37891817465425 176.43464902974665 163.64760288596153 1765.9937091637403 97.329161867499352 150.50792972743511
leaf_count=34022 836 3639 1415 2800 25899 4208 7034 3205 12839 12561 14171 7773 6306 4970 7715 24919 6762 20648 902 799 1364 639 10718 508 1763 7509 676 9042 643 802
internal_value=1.92556e-05 -0.0265832 0.0066867 0.0291856 0.0153788 -0.00330099 0.00295038 -0.000318507 -0.00952311 -0.0179107 -0.0393348 -0.0581454 0.01483 0.00963761 -0.00869731 -0.0783362 -0.0225549 0.00404051 -0.00631806 -0.0125184 -0.00279131 0.0129546 0.0158577 -0.042333 -0.0367833 -0.0504314 0.0051633 0.00312024 0.0298346 0.0132148
internal_weight=19587.3 3925.38 15661.9 4815.09 4054.12 10846.8 9243.22 3436.66 4508.92 3283.63 1603.57 942.468 4734.3 4088.72 2888.99 1104.56 1447.24 3481.31 2820.82 661.101 2652.37 1225.29 1989.42 316.79 392.938 443.115 1070.42 2259.44 493.442 396.112
internal_count=237087 51419 185668 83406 49384 102262 77596 23485 38638 33115 24666 21944 38958 31924 20554 36067 9967 26954 15352 2722 14450 5523 13518 1307 2599 11148 4884 11851 2809 2166
is_linear=0
shrinkage=0.1


Tree=34
num_leaves=31
num_cat=0
split_feature=0 11 19 13 19 13 0 11 0 11 11 11 13 11 13 13 11 19 13 11 11 4 0 16 15 7 6 23 8 8
split_gain=301.643 467.036 300.042 205.931 168.894 161.031 125.502 123.177 120.013 118.426 110.719 105.911 179.229 80.6839 100.894 74.74 74.2882 66.8367 86.3273 63.6834 53.0189 51.5912 51.5456 51.1277 50.5017 49.5999 48.1618 47.0039 46.8455 48.9688
threshold=8.6623751472222228 20.500000000000004 1.3511382362500004 7.5000000000000009 0.67235288138888893 7.5000000000000009 7.5401041305555561 16.500000000000004 1.7309380256944447 5.5000000000000009 22.500000000000004 6.5000000000000009 6.5000000000000009 1.5000000000000002 6.5000000000000009 21.500000000000004 11.500000000000002 2.3439951531250007 7.5000000000000009 6.5000000000000009 7.5000000000000009 10.500000000000002 22.482178322083339 0.75039432176656162 0.07362240289069559 41.872380000000007 1.0000000180025095e-35 101.50000000000001 -88.152490499999985 -87.904074999999992
decision_type=2 2 8 2 8 2 2 2 2 2 2 2 2 2 2 2 2 8 2 2 2 2 2 10 8 2 2 2 2 2
left_child=1 4 3 7 5 11 -3 -2 9 -6 -8 12 -1 14 -10 17 -7 18 -15 -20 27 -19 -22 26 -23 -14 -21 -4 -28 -30
right_child=2 6 20 -5 8 16 10 -9 13 -11 -12 -13 25 15 -16 -17 -18 21 19 23 22 24 -24 -25 -26 -27 28 -29 29 -31
leaf_value=0.10260181683968886 -0.086616221803374041 0.1016136067988541 -0.012780732765512573 -0.092267568386929621 0.10106162821126821 -0.084700981274553305 0.10131005236101337 -0.0086476815098629096 0.1029500636023255 0.023129924925394698 -0.025569367629358349 -0.027243584307592241 -0.052769633600811661 0.0035178769680064103 0.014377555634711311 0.028143725460225172 -0.027817767830060278 -0.0057542295378992386 -0.065891460255001075 0.02150066166475265 0.0064106863696154594 0.075331758342605956 -0.041487946339108538 -0.051862574762841784 0.013856447059873114 0.014497061749455243 0.034806564256693324 -0.066575339380780987 -0.083357944860754832 -0.006760570092728577
leaf_weight=218.91323534026742 257.46528510563076 639.75248351320624 888.13180429115891 738.90011876448989 240.68967632949352 410.97821780107915 110.74805170111358 951.28122529760003 178.15893543884158 1027.036759192124 181.47514648362994 720.41988199576735 153.62817542254925 1634.892722049728 462.39797113277018 962.94652932696044 520.1868344321847 1611.7122943364084 367.45456806570292 377.63358414918184 3036.1468219235539 143.87216149829328 242.62395475432277 318.38560933433473 1877.1480217818171 382.64557315409184 94.140270851552486 198.78030842542648 166.94633655995131 166.90362777747214
leaf_count=10799 7875 26768 4573 32429 10605 12747 2204 7686 8140 8306 998 4705 632 11308 3026 7224 7157 10413 7825 3935 18743 1378 1635 6659 11723 1572 522 2814 793 2356
internal_value=-0.000113389 0.00861312 -0.0180397 -0.0506784 0.00333278 -0.0203618 0.0768124 -0.0252551 0.00925444 0.037926 0.022516 0.000185964 0.0263527 0.00490798 0.0390123 0.00207896 -0.0529237 -0.0016344 -0.0123536 -0.0297513 -0.00347873 0.00759059 0.00286626 -0.0179366 0.0182327 -0.00477306 -0.00452891 -0.022619 -0.0274959 -0.0450642
internal_weight=19282.4 12969.1 6313.33 1947.65 12037.1 2406.77 931.976 1208.75 9630.32 1267.73 292.223 1475.61 755.187 8362.59 640.557 7722.04 931.165 6759.09 3126.36 1491.46 4365.68 3632.73 3278.77 1124.01 2021.02 536.274 805.624 1086.91 427.99 333.85
internal_count=237550 161795 75755 47990 131825 37612 29970 15561 94213 18911 3202 17708 13003 75302 11166 64136 19904 56912 33398 22090 27765 23514 20378 14265 13101 2204 7606 7387 3671 3149
is_linear=0
shrinkage=0.1


Tree=35
num_leaves=31
num_cat=0
split_feature=0 11 21 13 11 19 0 15 13 0 13 0 11 22 17 3 4 19 14 15 14 20 16 19 19 13 12 3 21 13
split_gain=277.4 401.929 251.519 407.482 228.491 175.608 135.065 109.324 76.2595 72.4642 68.6435 66.1591 133.778 64.6994 71.4442 87.2989 63.0345 60.8434 75.3018 57.7718 53.4303 49.4237 46.9468 45.8887 44.8133 40.4279 39.3822 40.5566 49.2695 36.8857
threshold=6.320707003472223 20.500000000000004 11.500000000000002 7.5000000000000009 1.5000000000000002 1.4366771829166669 13.236985779722223 0.83227810058104601 3.5000000000000004 0.4465928845833334 6.5000000000000009 3.086390444444445 4.5000000000000009 7.5000000000000009 0.09840312579631362 11.93084271263889 3.5000000000000004 0.80634892902777799 9.5000000000000018 0.17673086933888602 98.500000000000014 2.5000000000000004 0.395476616406849 1.7281002049305558 0.70472087937500005 21.500000000000004 5.5000000000000009 9.2235843241666693 10.500000000000002 11.500000000000002
decision_type=2 2 2 2 2 10 2 8 2 2 2 2 2 2 10 2 2 10 2 10 2 2 8 10 10 2 2 2 2 2
left_child=1 4 13 6 10 -5 8 9 -4 -6 -1 12 -9 14 17 -16 -15 18 -2 21 25 -11 -8 -19 -10 -7 27 -21 -29 -18
right_child=2 -3 3 5 7 20 22 11 24 19 -12 -13 -14 16 15 -17 29 23 -20 26 -22 -23 -24 -25 -26 -27 -28 28 -30 -31
leaf_value=0.10226939867723844 -0.0032418978415470062 0.10253563181901132 -0.022565386706923041 -0.099650840536277319 0.07394273483654136 -0.058139212680092305 0.035246980923537896 0.083628772290277514 -0.0071823971102638095 0.046439926696531304 0.027010063270393542 -0.027614314123683426 -0.0099329154397508109 0.077091896516798084 -0.0076795130616280072 -0.11040497575306443 0.023436671651626554 -0.055331868272440222 0.11480204621604868 0.012777693589911231 0.024120327608058392 -0.052059132332095505 -0.094687222375737234 -0.0010304940392731579 0.025168815420376047 0.02968036047365611 -0.02610707520480194 0.0056752011717958158 -0.047040245402689668 -0.0061235892262757226
leaf_weight=308.11700940877199 118.5427766777575 469.95979145728052 1096.6905353385955 898.6204617805779 179.90991589613259 389.99206162616611 31.824893780052662 180.09224012307823 757.8413247903809 578.25201558880508 199.76975863240659 1444.3230437748134 1009.2766794189811 163.44409308955073 209.07508671283722 136.89557501859963 1112.5531151480973 165.82018243335187 99.31544985063374 3572.9035164508969 141.42173143848777 55.862664509564638 220.27490993775427 2531.6203951016068 984.31896660570055 60.560386043041945 361.38213124126196 521.03151140920818 268.74670791067183 680.21299328655005
leaf_count=16713 641 22596 10500 46041 3204 5043 183 6349 6655 6200 902 19906 8276 1015 1145 719 7208 970 800 29221 1181 540 6673 13404 7612 638 3042 3265 2743 3536
internal_value=-5.87418e-05 0.0124627 -0.0117504 -0.0288473 0.0075857 -0.0717925 -0.00813721 0.00354079 -0.00190789 0.0115171 0.0726673 -0.0132317 0.00423404 0.00326273 -0.00536178 -0.0483265 0.017641 -0.000262974 0.050571 0.00942106 -0.0295034 0.0377626 -0.0782844 -0.00436857 0.011096 -0.0463351 0.00561675 0.00824459 -0.0122629 0.0122209
internal_weight=18948.7 9149.63 9799.02 4581.55 8679.67 1490.59 3090.95 8171.78 2838.85 5538.09 507.887 2633.69 1189.37 5217.48 3261.27 345.971 1956.21 2915.3 217.858 5358.18 591.974 634.115 252.1 2697.44 1742.16 450.552 4724.06 4362.68 789.778 1792.77
internal_count=236921 122957 113964 84526 100361 52903 31623 82746 24767 48215 17615 34531 14625 29438 17679 1864 11759 15815 1441 45011 6862 6740 6856 14374 14267 5681 38271 35229 6008 10744
is_linear=0
shrinkage=0.1


Tree=36
num_leaves=31
num_cat=0
split_feature=0 13 8 13 0 19 11 22 22 21 19 4 19 0 13 13 19 2 8 3 13 5 13 23 16 19 20 4 15 18
split_gain=225.945 444.877 241.55 421.417 155.967 147.423 110.18 98.2146 69.8457 67.8523 77.9884 77.3398 73.482 61.438 59.6747 53.8967 52.9838 47.2194 84.0548 62.7797 46.9335 46.4209 45.8203 44.8251 43.3584 43.2617 54.216 43.1953 42.5265 41.765
threshold=4.1954567877777782 6.5000000000000009 -87.783001499999983 7.5000000000000009 12.798306648055558 1.2414825438194448 20.500000000000004 34.500000000000007 8.5000000000000018 9.5000000000000018 4.9557285310416672 6.5000000000000009 5.2019609604166677 0.1652728093055556 22.500000000000004 1.0000000180025095e-35 0.59571141236111125 5.1711462665277788 -87.875368999999992 18.564869330694449 21.500000000000004 1.0000000180025095e-35 1.5000000000000002 14.500000000000002 0.47092630155510484 0.58121857659722231 90.500000000000014 17.500000000000004 0.17673086933888602 2.5436111111111117
decision_type=2 2 2 2 2 10 2 2 2 2 8 2 10 2 2 2 8 2 2 2 2 2 2 2 10 10 2 2 8 8
left_child=1 15 8 4 7 14 13 22 9 10 17 -12 27 -3 -5 -1 -15 19 -19 29 -7 -11 -4 -14 -10 -9 -27 -13 -18 -2
right_child=2 6 3 5 -6 20 -8 25 24 21 11 12 23 16 -16 -17 28 18 -20 -21 -22 -23 -24 -25 -26 26 -28 -29 -30 -31
leaf_value=0.037317822224232224 0.048368433335532403 0.084797136653594771 -0.051511184021380718 -0.093466722670156765 -0.089490289792125477 -0.036069914377705098 0.10373479477706336 -0.0087197767900169497 0.024400282613030153 0.039290093933193257 -0.030878499629522285 0.044539307552071444 -0.042594223674474116 -0.024710153043706225 -0.017025415962015258 0.10187539873084138 0.040443127919769034 -0.052548264859518849 0.034711571293581586 -0.047901917976579778 0.040440076942772782 -0.023840421305488035 -0.0099315434111693791 0.031986147257227718 -0.0065869275435946444 0.0090060795585800279 0.048745540676322245 0.11850616099665537 0.0027841577820814241 0.0034001973524151381
leaf_weight=164.92867102846503 244.20672520063818 90.350237421691418 399.72462801076472 1006.6755368029699 206.53550565242767 455.42970137298107 111.61352460645139 775.75114435981959 2066.0237935101613 126.07600753195584 182.22944239620119 168.88983481470495 98.122195597738028 657.0721120107919 113.65555476024747 598.98419261630625 328.38622270151973 418.74136778339744 149.91166615020484 209.60277065820992 97.306825969368219 1529.5945151122287 786.51995423156768 450.98298386577517 577.84787624515593 1281.895610193722 468.87913583219051 148.25954166520387 3452.2503107115626 1339.0052485298365
leaf_count=4515 1467 784 4557 51851 6884 8040 3384 7832 14149 658 1112 1210 590 6188 3160 36161 3770 2227 819 1116 1224 9400 8143 2492 6157 11805 4193 1109 24659 7659
internal_value=-1.95935e-05 0.0172242 -0.0070245 -0.0228465 -0.00491116 -0.0648616 0.0055814 -0.000206154 0.0044526 -0.00242379 0.00564074 0.0283368 0.0407936 0.00316199 -0.0857119 0.0879374 0.00149992 -0.00443625 -0.0295443 0.00352764 -0.0226007 -0.0190332 -0.0239425 0.018659 0.0176277 0.0109384 0.0196488 0.079117 0.00605522 0.0103364
internal_weight=18705.5 5403.59 13301.9 5592.37 3919.31 1673.07 4639.67 3712.77 7709.49 5065.62 3409.95 1048.48 866.255 4528.06 1120.33 763.913 4437.71 2361.47 568.653 1792.81 552.737 1655.67 1186.24 549.105 2643.87 2526.53 1750.77 317.149 3780.64 1583.21
internal_count=237315 79461 157854 107689 43414 64275 38785 36530 50165 29859 19801 6513 5401 35401 55011 40676 34617 13288 3046 10242 9264 10058 12700 3082 20306 23830 15998 2319 28429 9126
is_linear=0
shrinkage=0.1


Tree=37
num_leaves=31
num_cat=0
split_feature=13 19 0 0 13 13 13 11 15 11 8 14 8 3 0 1 2 16 0 0 7 22 19 17 3 5 23 18 22 19
split_gain=200.411 287.181 237.52 185.011 210.853 119.875 119.732 110.727 102.502 99.2 93.9279 94.7185 90.288 70.4656 62.7701 57.1272 50.8577 57.7693 49.465 46.039 44.5696 47.7331 54.1145 54.1192 40.8836 67.2408 40.7609 38.2007 37.8394 36.7459
threshold=7.5000000000000009 1.0277535255555559 4.8413284008333344 4.7963499729166683 6.5000000000000009 1.0000000180025095e-35 1.0000000180025095e-35 7.5000000000000009 0.8460873036997606 7.5000000000000009 -87.845629999999986 127.50000000000001 -87.879337499999977 11.107713031944447 1.7309380256944447 0.47992845013888891 16.893932485694446 0.31791443850267381 19.719050312222226 3.223629577638889 41.605948500000004 10.500000000000002 3.9049543023611117 0.074165749908324183 9.1499650620833339 81.500000000000014 99.500000000000014 78.297638888888898 46.500000000000007 1.3744326037500003
decision_type=2 8 2 2 2 2 2 2 8 2 2 2 2 2 2 2 2 10 2 2 2 2 8 10 2 2 2 10 2 10
left_child=3 2 9 4 6 -5 19 10 16 -2 26 -12 -4 -10 -9 28 17 27 20 -1 29 22 -22 -24 -19 -26 -3 -7 -11 -16
right_child=1 7 12 5 -6 8 -8 14 13 15 11 -13 -14 -15 18 -17 -18 24 -20 -21 21 -23 23 -25 25 -27 -28 -29 -30 -31
leaf_value=0.1017475528428296 -0.07412693980082502 -0.0021070356284745742 0.0065090371627859094 -0.03897989609191585 0.0080135307441163445 0.046527983226909771 0.095208921794669082 0.038125926646650002 -0.0060732715872692418 -0.050325661196194166 -0.073755983338698664 0.081733107461278251 -0.093105883545325882 -0.087991140074906091 0.087066372757272525 0.014776977151680063 -0.070600903590437178 0.020193157219796636 -0.035459559401591408 -0.0001615487704026422 -0.017732851569803164 0.018363610925651867 0.021671028287732499 -0.024633049947114606 -0.026972132024653137 0.040164852607847967 -0.038141010989774231 -0.035199675986367564 0.044476933306030197 0.019688669183743627
leaf_weight=54.371876033954322 225.50504598207772 1611.580100197345 102.97099500149488 615.15034157782793 1124.0691845044494 857.7699010791257 667.81392895709723 576.41909424774349 1813.2563771884888 274.68414859101176 418.01442938204855 43.228859719820321 781.8228324977681 111.46226129308343 91.367868322879076 717.19093892909586 63.523535825312138 1695.7826437838376 308.94472046103328 240.03249861858785 1592.9049379108474 1200.4568584691733 974.36311997845769 340.66459406726062 528.5938319535926 207.83453008625656 389.86142564192414 61.277467520907521 49.723371244966984 709.37378126010299
leaf_count=3538 5528 8224 764 5694 5001 8175 40985 7160 18012 4325 8040 667 45934 2957 766 6821 485 15433 2639 1719 9606 13076 5882 2015 4793 1858 2538 562 343 3687
internal_value=-5.76668e-05 -0.00921796 -0.0417549 0.0118004 0.0374268 0.00282191 0.0717875 -0.000738535 0.00763779 -0.0139927 -0.0185014 -0.0591832 -0.0815128 -0.0108172 0.00681077 -0.0009737 0.0180398 0.01972 0.00335152 0.0186595 0.005794 0.00158744 -0.00533812 0.00967572 0.0116493 -0.00802476 -0.00912611 0.0410788 -0.0357948 0.0273767
internal_weight=18450 10409.1 2151.9 8040.94 2086.29 5954.65 962.218 8257.18 5339.5 1267.1 2462.68 461.243 884.794 1924.72 5794.49 1041.6 3414.78 3351.26 5218.08 294.404 4909.13 4108.39 2907.93 1315.03 2432.21 736.428 2001.44 919.047 324.408 800.742
internal_count=237227 128015 63715 109212 51243 57969 46242 64300 52275 17017 19469 8707 46698 20969 44831 11489 31306 30821 37671 5257 35032 30579 17503 7897 22084 6651 10762 8737 4668 4453
is_linear=0
shrinkage=0.1


Tree=38
num_leaves=31
num_cat=0
split_feature=0 11 21 0 11 20 11 0 19 0 11 10 11 0 15 11 15 11 10 9 11 17 0 11 0 19 14 3 10 17
split_gain=198.375 229.56 227.01 222.905 116.171 115.569 103.286 197.034 111.403 90.2094 82.6366 73.3078 62.1224 84.1967 110.382 68.5918 61.0992 44.5696 42.0906 40.9667 45.53 46.5095 40.5272 42.3241 45.3449 38.5594 41.1113 72.2002 56.5525 58.2347
threshold=9.7100563112500016 20.500000000000004 18.500000000000004 7.6545610705555562 16.500000000000004 2.5000000000000004 2.5000000000000004 4.7963499729166683 0.38857903069444449 13.236985779722223 21.500000000000004 4.5000000000000009 15.500000000000002 3.7959564334722224 0.81834357813005509 3.5000000000000004 0.17673086933888602 1.5000000000000002 5.5000000000000009 8.5000000000000018 18.500000000000004 0.099649385198170931 7.0894559980555565 1.0000000180025095e-35 6.1180927450000011 2.7537915775000004 13.500000000000002 16.452024714583338 3.5000000000000004 0.010335986325516801
decision_type=2 2 2 2 2 2 2 2 10 2 2 2 2 2 10 2 10 2 2 2 2 10 2 2 2 8 2 2 2 10
left_child=1 5 18 -3 -4 16 7 -7 -8 -6 -5 12 13 15 -15 -10 -1 22 25 -18 21 -21 23 -9 -25 -2 27 -27 29 -28
right_child=2 3 4 10 9 6 8 17 11 -11 -12 -13 -14 14 -16 -17 19 -19 -20 20 -22 -23 -24 24 -26 26 28 -29 -30 -31
leaf_value=0.037938900353698818 -0.019878793332272104 0.098116535699737231 -0.096748973647027267 0.090110711355644899 -0.014113452116014325 0.093393360277630899 -0.048718702660106278 0.06954942859817273 0.088048785556682066 -0.10137040803255647 -0.011864156388589885 -0.028215586016608465 0.010011058981886277 -0.011992351693691561 -0.078028415925373462 -0.00013215655037505272 0.033985538544867765 -0.041291813333883043 -0.04724630964663417 0.0036599030233340013 0.041819733971843256 -0.044886911305982623 -0.02853718011784669 0.036433338402700084 -0.058847938927295743 0.0033288300531687724 0.060064590006291031 -0.096645698172873801 -0.01420878973136417 0.010408463100737455
leaf_weight=995.56610438320786 900.54964588582516 513.27192617114633 436.07226267643273 96.628985550254583 589.65119255520403 301.64150671381503 625.67176647204906 162.09884371422231 94.098577189259231 148.27555526327342 447.42655708454549 1106.8467983892187 2953.3453881405294 965.66984698735178 343.04516996443272 1409.8348269471899 544.56477272510529 210.62412556540221 221.63457759469748 1877.7272688951343 275.17159587331116 220.51789273694158 164.49931059032679 138.07618602737784 78.255376898683608 229.68909466266632 301.0211736895144 105.37836497277021 671.34347211569548 1096.3710911162198
leaf_count=10741 5720 27247 25324 1794 8430 17213 9447 2109 3167 9429 3395 12222 20982 10087 14180 13973 3080 2760 1236 13118 2722 1574 2984 1107 661 1193 1601 567 3558 5589
internal_value=-4.2744e-05 0.00610762 -0.0177409 0.0508446 -0.0558283 0.00231355 -0.00419887 0.0250941 -0.008321 -0.0316465 0.00624747 -0.00464338 -0.000118429 -0.0107546 -0.029302 0.00538518 0.0165475 -0.0022455 -0.00505951 0.00924915 0.00357356 -0.00144219 0.0129021 0.0309153 0.00196647 -0.00222989 0.00438202 -0.0281131 0.00964515 0.0211052
internal_weight=18224.6 13524.6 4699.99 1057.33 1174 12467.3 8553.71 1055.2 7498.51 737.927 544.056 6872.84 5765.99 2812.65 1308.72 1503.93 3913.55 753.554 3525.99 2917.98 2373.42 2098.25 542.93 378.43 216.332 3304.35 2403.8 335.067 2068.74 1397.39
internal_count=237210 174563 62647 32436 43183 142127 110892 26834 84058 17859 5189 74611 62389 41407 24267 17140 31235 9621 19464 20494 17414 14692 6861 3877 1768 18228 12508 1760 10748 7190
is_linear=0
shrinkage=0.1


Tree=39
num_leaves=31
num_cat=0
split_feature=0 15 13 11 11 15 13 19 0 8 13 0 18 13 0 3 2 19 13 21 16 10 10 13 21 0 5 13 10 19
split_gain=165.344 241.561 162.935 350.417 379.381 107.449 65.3698 65.2065 61.6871 59.5654 74.6271 53.655 53.604 61.0754 77.886 59.527 53.2901 51.2948 50.6835 78.8311 59.9261 47.2867 46.5191 44.565 38.9863 38.4884 38.0658 36.8547 35.9267 35.2486
threshold=10.797932945000001 0.65657906785092945 6.5000000000000009 12.500000000000002 20.500000000000004 0.83079814921920192 21.500000000000004 0.48304717458333341 12.937094878194447 -87.672922999999983 22.500000000000004 1.0974312276388891 0.48291666666666672 7.5000000000000009 1.9422240211111113 6.2236772258333337 1.6230948436111114 0.59070575416666671 7.5000000000000009 91.500000000000014 0.82360045467462351 1.5000000000000002 4.5000000000000009 4.5000000000000009 280.50000000000006 5.2463664119444458 140.50000000000003 7.5000000000000009 5.5000000000000009 0.7870343578472222
decision_type=2 10 2 2 2 8 2 8 2 2 2 2 10 2 2 2 2 8 2 2 8 2 2 2 2 2 2 2 2 10
left_child=2 28 3 -1 7 6 11 -5 27 18 12 -4 -11 15 -15 -14 -17 24 20 21 -7 -20 -19 -9 -13 -21 -8 -3 -2 -24
right_child=1 8 5 4 -6 9 26 23 -10 10 -12 17 13 14 -16 16 -18 22 19 25 -22 -23 29 -25 -26 -27 -28 -29 -30 -31
leaf_value=0.10180301855271322 -0.0025866833765219991 -0.016646962733217748 0.03427173378662806 -0.037520748737675129 0.10191260625939741 0.066024271322716196 0.020240367425688015 0.0001063335113427319 -0.09430847370756279 -0.10817695406602885 0.039127515310705789 -0.010496579966360961 0.028660396564576779 -0.0026579825981136547 -0.074294371127588021 0.0038159275070398708 -0.060848432244212595 0.0037502287857196881 -0.0080866031964601567 -0.022957450083501516 -0.011713289262830022 0.095333104838618621 0.045762172793413547 0.036442985348674024 -0.10159475677485311 -0.090214986105813647 0.077291162489891846 -0.083000597576966234 -0.050630301752766463 -0.024831244993052743
leaf_weight=477.84424851741642 2604.5737508758903 252.86815801262856 436.51196026802063 412.38289116881788 407.60726690292358 202.37676896154881 836.88456032890826 2524.7665322944522 419.59995780605823 98.446417842060328 141.31955972965807 99.823079242371023 243.00557115674019 216.94412363506854 505.21860800404102 233.97256289422512 279.90561401844025 4820.9916058303788 96.802978961728513 356.66146655846387 194.4384817481041 81.377169757150114 76.369190044701099 389.6079856492579 88.739582585170865 111.74037016741931 135.95223206933588 125.1287526525557 165.54170034360141 958.1423241244629
leaf_count=33865 14478 3806 4304 3232 26038 835 7566 18001 24289 1310 1996 1227 1001 1538 20019 969 1157 34832 768 5569 808 810 893 2230 1807 7079 1219 7992 912 6698
internal_value=-0.000144171 -0.0194202 0.0046224 0.0211719 0.0108544 -0.00220144 0.00404194 -0.000302387 -0.0679129 -0.0190483 -0.0304897 0.000413469 -0.0367263 -0.0319705 -0.0527742 -0.0121212 -0.0314063 -0.00203183 -0.000200593 -0.0174666 0.0279331 0.0391465 -0.000378657 0.004964 -0.0533683 -0.0390022 0.0282131 -0.0386121 -0.00545776 -0.0196199
internal_weight=17995.5 3567.71 14427.8 4212.21 3734.36 10215.6 7453.41 3326.76 797.597 2762.21 1718.81 6480.58 1577.49 1479.05 722.163 756.884 513.878 6044.07 1043.4 646.582 396.815 178.18 5855.5 2914.37 188.563 468.402 972.837 377.997 2770.12 1034.51
internal_count=237248 51477 185771 83366 49501 102405 58546 23463 36087 43859 27990 49761 25994 24684 21557 3127 2126 45457 15869 14226 1643 1578 42423 20231 3034 12648 8785 11798 15390 7591
is_linear=0
shrinkage=0.1


Tree=40
num_leaves=31
num_cat=0
split_feature=0 15 13 11 11 19 11 15 3 9 1 13 8 8 13 0 14 5 21 23 10 18 2 23 19 2 3 14 9 19
split_gain=146.681 174.631 135.45 341.296 349.867 126.342 82.1093 80.2454 75.9244 75.59 72.3026 62.3921 139.322 60.8945 74.9746 48.0567 47.375 59.6292 54.5127 52.8869 50.1844 50.472 46.0709 44.9687 39.0776 38.0662 40.0655 37.7598 37.1263 42.2526
threshold=14.263309664027778 0.65657906785092945 6.5000000000000009 8.5000000000000018 20.500000000000004 0.63181382041666678 7.5000000000000009 0.83227810058104601 9.0220501436111125 17.500000000000004 2.9999908383333338 7.5000000000000009 -87.760703499999991 -87.611087499999982 7.5000000000000009 4.1524292862500003 66.500000000000014 27.500000000000004 10.500000000000002 25.500000000000004 3.5000000000000004 11.002638888888891 1.2979094070833337 37.500000000000007 2.0625368512500004 2.6699758222222223 7.6738373759722238 28.500000000000004 17.500000000000004 2.292291960694445
decision_type=2 10 2 2 2 8 2 10 2 2 2 2 2 2 2 2 2 2 2 2 2 10 2 2 10 2 2 2 2 8
left_child=2 16 3 -1 7 8 11 -5 13 -9 -8 -7 28 14 25 -16 17 -2 19 -19 21 -18 -10 -17 -14 26 -4 -21 -13 -30
right_child=1 -3 5 4 -6 6 10 9 22 -11 -12 12 24 -15 15 23 20 18 -20 27 -22 -23 -24 -25 -26 -27 -28 -29 29 -31
leaf_value=0.10163954728096314 -0.058218956649818347 -0.096963725693291203 0.083708241849249188 0.011505948875473623 0.10173212163241994 0.0076026524468448308 -0.0013860044043989557 -0.062499763967284509 -0.037891659289514254 -0.0069285524551911046 0.020234422334716125 0.010157261187686235 -0.086067821118980092 -0.081151644878829435 -0.012907226358432652 0.10352898451271589 0.066887839583147632 -0.044869226875399258 -0.077659021850565557 0.078975359843937193 -0.030136986749251089 -0.0073704004367906601 -0.11479918419797215 -0.085778690929233237 -0.02033291174588692 -0.012013030383259106 0.0051719843202341258 0.0034423596441702344 -0.057860056205520274 -0.0099944667813752913
leaf_weight=434.46425009705126 370.97467848844826 301.11573288124055 131.2567268460989 2344.246560357511 368.63582719117403 1212.0163872390985 3555.1461084391922 304.10939616616815 166.49043526593596 1254.5174106974155 2738.0245752213523 694.8705734051764 348.5567520679906 137.02386668324471 364.16596861928701 13.425682134926317 190.89542200416327 117.60029152780771 84.099514435976744 114.8050470277667 208.75430082529783 175.84100304916501 146.36921313684434 191.9389597736299 122.1194968027994 215.36248682066798 128.60096930712461 156.27777177840471 225.62108941841871 1009.8889187518507
leaf_count=33992 2104 19145 539 16683 25971 5543 34630 5581 3502 7486 22086 4000 15843 2736 4727 64 970 651 827 613 1119 911 5498 11120 1053 979 532 830 2298 5146
internal_value=-3.9578e-05 -0.0277945 0.00292491 0.0171983 0.00860963 -0.00296677 0.00112223 -0.00018601 -0.0300681 -0.0177713 0.00802058 -0.0108932 -0.0202296 -0.0184715 -0.0102507 -0.034721 -0.0131192 -0.028208 -0.00465962 0.0111353 0.00900334 0.0312829 -0.0738723 -0.0734027 -0.0690125 0.0190759 0.0448414 0.035431 -0.00833502 -0.0187354
internal_weight=17827.2 1720.36 16106.9 4705.97 4271.51 11400.9 9906.24 3902.87 1494.63 1558.63 6293.17 3613.07 2401.06 1181.77 1044.75 569.531 1419.25 843.757 472.783 388.683 575.491 366.736 312.86 205.365 470.676 475.22 259.858 271.083 1930.38 1235.51
internal_count=237179 27170 210009 89713 55721 120296 90599 29750 29697 13067 56716 33883 28340 20697 17961 15911 8025 5025 2921 2094 3000 1881 9000 11184 16896 2050 1071 1443 11444 7444
is_linear=0
shrinkage=0.1


Tree=41
num_leaves=31
num_cat=0
split_feature=0 21 13 11 11 13 8 15 14 15 10 5 16 0 5 17 17 13 0 13 7 7 4 4 17 9 13 19 14 10
split_gain=125.383 208.724 126.591 294.39 307.5 84.7016 84.5666 73.6212 65.363 59.9038 59.6423 58.2834 52.6924 47.8645 43.6493 43.6071 60.1275 47.0345 42.5491 42.2699 41.2473 96.4256 79.422 50.6145 50.6461 49.1126 46.5236 61.6415 60.5276 52.5771
threshold=10.797932945000001 18.500000000000004 6.5000000000000009 12.500000000000002 20.500000000000004 22.500000000000004 -87.672161999999986 0.83227810058104601 12.500000000000002 0.45022522522522529 4.5000000000000009 106.50000000000001 0.66321160042964566 12.383873283194447 142.50000000000003 0.012861869313482219 0.046067790443851571 7.5000000000000009 2.8064203329166673 1.5000000000000002 41.884559000000003 41.667293500000007 8.5000000000000018 3.5000000000000004 0.10015673981191224 12.500000000000002 7.5000000000000009 0.82388916409722224 18.500000000000004 1.5000000000000002
decision_type=2 2 2 2 2 2 2 8 2 8 2 2 10 2 2 8 10 2 2 2 2 2 2 2 10 2 2 8 2 2
left_child=2 -2 3 -1 9 6 10 8 12 -5 20 -12 -8 -3 -13 17 -17 -9 -7 -11 21 22 25 -23 -25 -4 -22 -28 29 -29
right_child=1 13 5 4 -6 18 7 15 -10 19 11 14 -14 -15 -16 16 -18 -19 -20 -21 26 23 -24 24 -26 -27 27 28 -30 -31
leaf_value=0.10147992051058739 -0.0058226049726365706 -0.038635149915583956 0.015690716839238436 0.029327462917626473 0.10156620100592113 0.090722783092336279 -0.098769074158722658 0.013814479824113303 0.0077253308057444727 -0.021300577512103638 -0.0087599305781615247 -0.13780815838471372 0.010417881701599734 -0.095240089152646951 -0.036563101458749213 -0.073277156093818949 -0.021313897115791767 -0.041994605579851935 0.021242153713983122 0.0044382973166286555 0.039415287819905255 -0.086267002875699439 0.034933806555331674 -0.0081168674970583405 -0.070150068641659 -0.064431209621888114 -0.041554492917561081 0.0052059810525106739 0.0048240229380001236 0.077724864359573487
leaf_weight=391.36280774418265 2853.8345832303166 266.10115434601903 151.45556647516787 608.10635719820857 334.60616490058601 102.85709112230688 113.77252130024135 309.73110896348953 1102.799628932029 1033.6683546341956 920.65496360231191 62.457904079928994 72.276340309530497 340.57968148309737 133.81313212029636 461.18747838307172 430.58121627289802 294.68519085273147 615.91000806633383 1667.0622736699879 584.39061786234379 108.10824913997203 818.05422730371356 1170.2746032737195 148.28984433971345 154.59697047621012 227.7798052597791 171.03840077947825 1685.8566019190475 240.62755246646702
leaf_count=33805 15862 8993 900 5431 26000 2521 1163 1284 12682 7844 7547 598 942 26476 1121 7759 7410 9045 5411 10211 2827 816 5212 9575 992 865 6291 1418 13964 1945
internal_value=-8.77212e-05 -0.0171461 0.00409412 0.019063 0.0102101 -0.00189689 -0.00443663 -0.0190422 -0.00152442 0.000971762 0.00174771 -0.0193072 -0.0563521 -0.0704121 -0.0687816 -0.0341323 -0.0481872 -0.0133954 0.031185 -0.00541291 0.00605443 -0.00322817 0.0186756 -0.0204866 -0.0150933 -0.0247814 0.014192 0.00785296 0.0132183 0.0475948
internal_weight=17576.5 3460.52 14116 4034.81 3643.44 10081.2 9362.43 2785.03 1288.85 3308.84 6577.4 1116.93 186.049 606.681 196.271 1496.18 891.769 604.416 718.767 2700.73 5460.47 2550.78 1124.11 1426.67 1318.56 306.053 2909.69 2325.3 2097.52 411.666
internal_count=236910 51331 185579 83291 49486 102288 94356 40285 14787 23486 54071 9266 2105 35469 1719 25498 15169 10329 7932 18055 44805 18360 6977 11383 10567 1765 26445 23618 17327 3363
is_linear=0
shrinkage=0.1


Tree=42
num_leaves=31
num_cat=0
split_feature=0 13 20 3 9 16 13 15 13 11 15 13 16 14 5 13 16 14 7 15 15 3 23 0 14 16 3 14 15 9
split_gain=121.662 147.024 115.697 163.2 98.417 94.7512 87.9489 142.662 101.309 62.4046 62.2005 59.3136 58.9424 76.7853 62.6905 54.941 58.2051 53.1174 70.4348 52.8701 50.39 61.8766 94.0804 49.9952 48.1148 57.7211 60.9314 44.5625 42.6935 46.7605
threshold=2.2873431705555558 6.5000000000000009 2.5000000000000004 12.265533226111113 18.500000000000004 0.42702481273408244 7.5000000000000009 0.81489639419154847 21.500000000000004 20.500000000000004 0.2006289308176101 1.5000000000000002 0.14768913971934108 4.5000000000000009 28.500000000000004 14.500000000000002 0.4004405286343613 120.50000000000001 42.009102500000004 0.86797241643520751 0.20841377091377095 15.459983936527779 113.50000000000001 0.1652728093055556 5.5000000000000009 1.0000000180025095e-35 11.709517838055557 10.500000000000002 0.89480431848852915 20.500000000000004
decision_type=2 2 2 2 2 8 2 8 2 2 10 2 10 2 2 2 10 2 2 8 8 2 2 2 2 10 2 2 10 2
left_child=1 -1 12 6 5 17 11 10 -9 23 -8 -4 14 -14 -2 16 -12 18 -5 -13 -6 22 -22 -3 -16 -26 -27 -15 -21 -30
right_child=2 9 3 4 20 -7 7 8 -10 -11 15 19 13 27 24 -17 -18 -19 -20 28 21 -23 -24 -25 25 26 -28 -29 29 -31
leaf_value=0.10100664096821943 0.00062715375411260274 0.085844357188249884 -0.016985978397009691 -0.010569422216458256 -0.20530642704810759 -0.067210407590521493 -0.071368425019342499 -0.069663491934217642 -0.0051947241554679453 0.10260468873794831 0.0070348297982265251 0.018257377020969263 0.078146730419009103 -0.042137962925631905 -0.011259756613312457 0.011435736953273356 -0.047861022392108751 -0.054000638235192466 0.091126858098047589 -0.028050196232802499 0.044769856980187012 -0.10888996010591888 -0.10227124716360053 0.0063310248958229872 0.10819704964707866 0.01253064088296218 0.076008826515439443 0.0018551848405769832 -0.0065153744674663287 0.045665052455511029
leaf_weight=212.17129422817379 655.65894728899002 82.700725123286247 1130.5489293532446 160.90825134236366 31.660553002730012 270.66459351684898 129.22701697051525 716.17711819615215 369.51938129495829 75.375297184102237 371.07143051084131 2368.5878827963024 127.10431265830994 244.88717212248594 147.47029527463019 1455.8964132862166 402.80673479195684 95.29636244289577 118.0839609708637 547.08682655263692 86.175819508731365 224.85802613291889 87.894159325398505 1804.5331154465675 143.94185513723642 376.82327704690397 252.5650636497885 3852.1562407612801 634.85123582184315 235.42243636213243
leaf_count=22446 5400 786 12435 863 172 10215 826 36852 5936 3169 1857 30121 767 1486 1059 13580 8643 503 673 7111 500 8407 6344 13517 1780 3687 1596 24589 7546 4135
internal_value=-0.000197828 0.021928 -0.00335578 -0.0101875 -0.0468541 -0.0221375 -0.00547094 -0.0177237 -0.0477214 0.013379 -0.00391767 0.00311383 0.0077585 0.00160037 0.0242593 -8.55216e-06 -0.0215387 0.0104568 0.0324737 0.00911597 -0.0838756 -0.0742383 -0.0294765 0.00981539 0.0410867 0.0510689 0.0380036 -0.00077436 -0.00616047 0.00760023
internal_weight=17412.1 2174.78 15237.3 9436.74 1075.54 644.953 8361.2 3444.7 1085.7 1962.61 2359 4916.5 5800.61 4224.15 1576.46 2229.77 773.878 374.289 278.992 3785.95 430.589 398.928 174.07 1887.23 920.8 773.33 629.388 4097.04 1417.36 870.274
internal_count=237001 39918 197083 156719 27677 12254 129042 67694 42788 17472 24906 61348 40364 26842 13522 24080 10500 2039 1536 48913 15423 15251 6844 14303 8122 7063 5283 26075 18792 11681
is_linear=0
shrinkage=0.1


Tree=43
num_leaves=31
num_cat=0
split_feature=0 19 13 11 9 20 0 13 19 3 14 17 18 8 7 13 21 21 3 7 10 3 18 0 19 19 14 5 1 23
split_gain=98.431 107.187 111.324 75.8963 69.7222 63.5931 98.1325 165.119 145.753 57.7706 57.3763 54.0724 57.1443 52.3829 51.2364 49.3979 49.3827 61.6883 47.5531 43.9934 41.5395 35.0135 51.3346 33.5951 33.1488 33.0732 68.0456 32.8847 32.879 37.7217
threshold=1.0974312276388891 0.58121857659722231 7.5000000000000009 15.500000000000002 20.500000000000004 2.5000000000000004 7.0894559980555565 6.5000000000000009 1.7281002049305558 4.8573020486111123 12.500000000000002 0.10015673981191224 12.205694444444445 -87.608582499999983 41.856057000000007 6.5000000000000009 339.50000000000006 9.5000000000000018 15.231921911666669 42.009102500000004 5.5000000000000009 7.8217881344444455 1.072916666666667 0.1652728093055556 4.645596003125001 1.092436970416667 20.500000000000004 268.50000000000006 12.448799729444445 27.500000000000004
decision_type=2 8 2 2 2 2 2 2 10 2 2 10 10 2 2 2 2 2 2 2 2 2 10 2 8 10 2 2 2 2
left_child=15 2 4 5 10 11 7 -7 -8 -4 -2 25 -13 14 -6 -1 17 24 -10 -20 -19 22 -16 -17 -5 26 -3 28 -27 -30
right_child=1 3 9 16 13 6 8 -9 18 -11 -12 12 -14 -15 21 23 -18 20 19 -21 -22 -23 -24 -25 -26 27 -28 -29 29 -31
leaf_value=0.1009038572462868 0.026634539675906784 0.0089411546821156034 -0.031565471161952061 0.011211962467437003 -0.03766588834434817 0.10144236835364431 -0.078084746186768153 -0.0086390366997693268 0.0013372813638355147 -0.096423870854985438 -0.034235024706555463 -0.075157186396449013 -0.00046960498928217819 -0.10531865686080373 -0.050001950041171778 0.083025221712336117 0.035751187755500326 0.001189173819318549 -0.087454630342558876 0.0081406436955032673 -0.043784975030576399 0.0061220565237028275 0.10480009160852294 0.017174223705986331 0.03736600780538004 0.0033416343079212397 0.1120487839197155 -0.054469498638735972 -0.0083033307830969114 0.065494678895215624
leaf_weight=94.946439685299993 192.68596755340695 217.14766243239865 294.87429711408913 1509.6734512285329 68.171745456755161 144.13086323160678 509.01428396441042 2495.3539117351174 696.907959301956 257.04910801071674 788.79183548968285 167.60645683389157 263.48282480239868 26.884046350140125 24.759953514672816 87.199518935754895 636.04767438350245 3496.5963619393297 133.76097718160599 75.20868874900043 218.1839857227169 84.419485899619758 158.89355750009418 694.5654923049733 713.7083928110078 2757.5469896327704 90.756853785831481 90.33686411101371 109.63155333604664 188.1024175984785
leaf_count=10961 2596 1569 7626 13296 1342 13944 25436 26865 4484 18094 11420 1076 1704 806 454 1137 8782 42030 1084 400 2677 735 4054 6441 7174 17302 1114 537 722 1247
internal_value=0.000145267 -0.00159891 -0.0239564 0.00132268 -0.00843407 -0.00525795 -0.0140186 -0.00262797 -0.0352678 -0.0617722 -0.022285 0.00388551 -0.029508 0.0290026 0.0397421 0.0327917 0.00926943 0.00643292 -0.0112088 -0.0530497 -0.00145234 0.0594272 0.0839299 0.0245194 0.0196074 0.00805388 0.0393328 0.00499219 0.00675032 0.0383208
internal_weight=17286.4 16409.7 1896.53 14513.2 1344.61 7938.99 4054.38 2639.48 1414.89 551.923 981.478 3884.61 431.089 363.129 336.245 876.711 6574.21 5938.16 905.878 208.97 3714.78 268.073 183.654 781.765 2223.38 3453.52 307.905 3145.62 3055.28 297.734
internal_count=237109 218570 47127 171443 21407 97484 72213 40809 31404 25720 14016 25271 2780 7391 6585 18539 73959 65177 5968 1484 44707 5243 4508 7578 20470 22491 2683 19808 19271 1969
is_linear=0
shrinkage=0.1


Tree=44
num_leaves=31
num_cat=0
split_feature=19 3 13 11 8 13 20 4 9 7 15 2 3 15 20 21 3 2 23 8 7 2 16 3 2 9 3 18 7 19
split_gain=80.1839 82.7568 72.8394 92.1273 117.178 61.4188 52.0674 55.6313 47.7604 67.8978 45.6953 43.6778 43.639 60.9272 43.4572 59.946 114.815 61.8299 53.9367 61.2995 48.8822 42.7055 46.0106 42.3211 42.2038 51.8491 48.5905 50.8511 43.4092 39.9076
threshold=0.63181382041666678 9.0220501436111125 7.5000000000000009 7.5000000000000009 -87.760703499999991 1.0000000180025095e-35 1.0000000180025095e-35 4.5000000000000009 17.500000000000004 41.778985500000012 0.29749450779370229 0.91707171847222224 22.230119005000002 0.35834976063080826 91.500000000000014 10.500000000000002 10.686403948194446 19.661000963750002 113.50000000000001 -88.145605499999974 41.898941000000008 2.4883931559722225 0.15229062764014936 3.6805362709722229 2.6699758222222223 20.500000000000004 7.7244645601388902 11.002638888888891 41.856904500000006 2.0625368512500004
decision_type=8 2 2 2 2 2 2 2 2 2 8 2 2 8 2 2 2 2 2 2 2 2 8 2 2 2 2 10 2 10
left_child=1 8 5 4 -4 21 7 -5 9 -1 -9 -3 -8 -14 15 17 -17 -7 -18 -20 -16 22 -2 -11 25 -10 28 -28 -27 -6
right_child=2 11 3 6 29 14 12 10 24 23 -12 -13 13 -15 20 16 18 -19 19 -21 -22 -23 -24 -25 -26 26 27 -29 -30 -31
leaf_value=0.10183732760382513 0.094102561085406058 -0.0146214970267952 -0.0094702401879882374 -0.055282290992452632 -0.084901588178566967 0.029732131846686771 0.0013241735556390845 0.024577336394265115 -0.001959053623135146 -0.0094958636435704905 0.091709504203632941 -0.081021427928950049 -0.00080380444038288335 -0.12902891652869136 0.058780470744533214 0.010155591876438073 -0.13372205741697593 -0.089279462327509648 0.031085014604443229 -0.069597496815291288 -0.010887569015535566 -0.053016824341794756 -0.009983445684431394 -0.068833165125519763 -0.022223543249589514 -0.00056666950869376659 0.067183022539604814 -0.066549980317483562 0.11518504815831827 -0.019931175169985986
leaf_weight=34.094546804670244 47.009844264015555 154.84201749879867 2138.2166592390276 71.973086262121797 316.9953983463347 1646.7523523084819 5543.5941059398465 534.78302807547152 686.56118061346933 206.30540389148518 125.11515630781651 275.02312822965905 91.612166391685605 62.22702673682943 410.98770942306146 2417.85156460898 66.090116821229458 44.842308120802045 95.673952786717564 164.34877244429663 133.40293299499899 220.04329368053004 439.68426931230351 287.98937253886834 534.78358948091045 44.363836734555662 55.74201725050807 58.036341571714729 120.12554812571034 134.72203447576612
leaf_count=420 730 4237 13029 469 18281 23177 56666 4235 8869 4858 751 13036 462 1257 6626 35066 521 251 736 3290 2041 2467 5254 10874 10654 1488 638 636 4906 1226
internal_value=-0.000528973 -0.0172477 0.00226531 -0.00332302 -0.0192468 0.0111285 0.00309161 0.0282003 -0.00879972 -0.0346528 0.0373054 -0.0571035 -0.000133752 -0.0526701 0.0150436 0.0117709 0.00264317 0.0265773 -0.0530551 -0.0325519 0.0417083 -0.0164585 7.02345e-05 -0.0440674 0.000309634 0.0127993 0.0492121 -0.00103183 0.0839661 -0.0655245
internal_weight=17163.8 2457.87 14705.9 9019.24 2589.93 5686.69 6429.3 731.871 2028 528.389 659.898 429.865 5697.43 153.839 4979.95 4435.56 2743.96 1691.59 326.113 260.023 544.391 706.737 486.694 494.295 1499.61 964.829 278.268 113.778 164.489 451.717
internal_count=237151 60616 176535 96376 32536 80159 63840 5455 43343 16152 4986 17273 58385 1719 71708 63041 39613 23428 4547 4026 8667 8451 5984 15732 27191 16537 7668 1274 6394 19507
is_linear=0
shrinkage=0.1


Tree=45
num_leaves=31
num_cat=0
split_feature=0 11 0 19 13 11 11 11 0 20 0 10 8 16 2 23 16 14 3 3 14 19 3 7 19 1 3 16 2 5
split_gain=90.22 188.451 108.757 108.163 105.003 83.5918 59.3015 56.3088 72.2133 58.8731 51.269 48.7919 48.5421 41.6269 38.0085 46.6204 35.6536 34.7527 40.4599 32.2772 31.228 78.8345 56.9726 43.485 38.4233 45.9918 33.9822 38.2216 31.5043 31.2517
threshold=8.7305764973611133 20.500000000000004 7.258237031527778 1.3511382362500004 7.5000000000000009 22.500000000000004 16.500000000000004 1.0000000180025095e-35 6.8229034037500016 1.5000000000000002 0.1652728093055556 4.5000000000000009 -87.848579999999984 0.82360045467462351 5.4342590026388899 79.500000000000014 0.89486842105263176 73.500000000000014 7.2049565445833341 7.7244645601388902 13.500000000000002 10.940009368194447 16.452024714583338 42.031970500000007 9.1751479470833335 13.999065799305557 21.244381378333337 0.31791443850267381 1.3809418500000001 246.50000000000003
decision_type=2 2 2 8 2 2 2 2 2 2 2 2 2 8 2 2 10 2 2 2 2 8 2 2 10 2 2 10 2 2
left_child=1 7 -3 4 6 -4 -2 8 -1 14 -11 13 -6 -12 -9 -16 19 -13 -19 -15 22 24 23 -5 25 26 29 -28 -24 -22
right_child=3 2 5 20 12 -7 -8 9 -10 10 11 17 -14 16 15 -17 -18 18 -20 -21 21 -23 28 -25 -26 -27 27 -29 -30 -31
leaf_value=0.087552737900708888 -0.074751112042249684 0.10178549386321707 0.090828823818026511 -0.020917405480665563 -0.023013647295888534 -0.019613075573627702 -0.007324838090262133 0.021749931929204564 -0.00180269058849718 0.07791554712719638 0.0032046900448161387 -0.032856564201441965 -0.10041281552287856 -0.019155071888510209 -0.052403692735888352 0.04012962508368479 0.010921019405511899 -0.020031010003269109 0.039829842925083812 -0.070357822397509748 0.0030810148568794515 0.092055830216019499 -0.025077488999662379 0.063171126161703839 -0.067717258809830885 0.062571147967009494 -0.0087584305758161042 -0.092037826852929924 -0.12370459580111702 -0.055860904829614491
leaf_weight=173.18353726062924 153.17944145295769 302.73024836555123 103.02778613567352 355.71622259030119 114.02364231087267 204.68649506382644 878.63504470232874 1707.1541797020473 189.30597209511325 78.068469879217446 5974.6264258893207 869.97083407919854 280.03447353746742 698.03170912526548 158.5901214806363 82.914050353690982 321.58960279868916 335.64270401140675 170.15147651871666 149.47888535587117 2915.0391846857965 93.267360100522637 56.682126322761178 74.353337575681508 84.500798726454377 115.48480350896716 159.26734701544046 84.269909811206162 75.563374127727002 92.819110238924623
leaf_count=9409 7847 25823 2941 3047 893 1329 7485 14790 1550 1899 66639 10656 31214 11161 1265 726 4969 4196 1938 3081 18330 830 476 474 434 628 774 1022 697 632
internal_value=0.000119743 0.00516087 0.0592305 -0.0103757 -0.034105 0.0173647 -0.0173347 0.00213517 0.0408879 0.000803177 -0.00275387 -0.00349309 -0.0780168 -0.000172031 0.016497 -0.0206348 -0.0174286 -0.0207378 0.000106455 -0.0281859 -0.00213726 0.00133582 -0.0240304 -0.00637961 -0.00111572 0.000555822 -0.00164687 -0.0375752 -0.0814317 0.00126213
internal_weight=17052 11519.2 610.445 5532.84 1425.87 307.714 1031.81 10908.7 362.49 10546.2 8597.56 8519.49 394.058 7143.73 1948.66 241.504 1169.1 1375.77 505.794 847.511 4106.96 3544.65 562.315 430.07 3451.38 3366.88 3251.4 243.537 132.246 3007.86
internal_count=237155 162372 30093 74783 47439 4270 15332 132279 10959 121320 104539 102640 32107 85850 16781 1991 19211 16790 6134 14242 27344 22650 4694 3521 21820 21386 20758 1796 1173 18962
is_linear=0
shrinkage=0.1


Tree=46
num_leaves=31
num_cat=0
split_feature=0 11 11 23 13 8 13 14 9 18 16 22 13 0 7 19 22 0 15 5 8 20 14 15 3 12 13 17 8 18
split_gain=85.0946 185.923 130.629 88.1017 190.748 134.4 65.6949 50.9158 52.5257 49.5912 46.8454 46.8159 42.3734 48.5608 41.4955 41.3744 41.6297 39.762 38.3787 40.2539 38.1531 41.7424 59.594 37.8649 33.1001 39.9233 33.0155 40.9052 42.179 32.5984
threshold=5.6566454248611118 20.500000000000004 1.5000000000000002 101.50000000000001 7.5000000000000009 -88.123015999999993 4.5000000000000009 114.50000000000001 10.500000000000002 3.2188888888888894 0.30793420416061928 10.500000000000002 6.5000000000000009 8.5959887734722233 41.766095000000007 0.38857903069444449 39.500000000000007 0.1652728093055556 0.31627983000980714 36.500000000000007 -88.095025499999991 1.5000000000000002 86.500000000000014 0.17673086933888602 9.2899293554166693 5.5000000000000009 22.500000000000004 0.0061444077394997654 -87.581991499999987 25.46777777777778
decision_type=2 2 2 2 2 2 2 2 2 8 10 2 2 2 2 10 2 2 8 2 2 2 2 8 2 2 2 8 2 10
left_child=1 2 -1 11 6 7 15 8 14 -10 -11 -2 13 -8 -6 -5 -17 -4 19 -13 21 -20 -23 -19 25 26 27 28 -25 -12
right_child=3 -3 17 4 5 -7 12 -9 9 10 29 18 -14 -15 -16 16 -18 23 20 -21 -22 22 -24 24 -26 -27 -28 -29 -30 -31
leaf_value=0.088981862676506596 -0.0022247051189458115 0.10136176397650232 0.072302978356983474 -0.0634922487124253 -0.033469808136667577 -0.083381275281538131 0.098903164761377393 0.045383319158787502 0.01595125311155229 -0.1207625507693831 -0.076808238892756023 0.016376159792823787 -0.0023993669953055654 0.01984830317962653 0.069975271884949883 -0.024690604204334634 0.008074525812882696 0.029227159737454985 -0.02976385466213265 0.072132562304864062 -0.03377605720511289 0.085905711469096036 -0.016280682488334267 0.019707830373476523 -0.017188544811119737 -0.028365608308332037 0.034483546218101478 -0.0037066919624146586 -0.076351909879805113 0.011273267434307829
leaf_weight=181.44975042482838 4288.3819697648287 207.48529816837981 81.724145872052759 172.37940788595006 77.265615185722709 610.39521767618135 91.284492883831263 106.75527353212237 85.31466868892312 113.50647670030594 94.952900793403387 301.39139132853597 909.23390909656882 522.18939461791888 77.847255751490593 999.57556293066591 633.55491903331131 477.64762421045452 107.12395029421896 227.01634554285556 189.14357558917254 143.91370721533895 94.577131843194366 1445.4788832962513 947.24480127543211 372.56784101016819 365.98248892277479 2897.4505237438716 47.202969610691071 75.367942841723561
leaf_count=16329 25027 19994 1983 2611 506 53768 4830 747 646 562 835 2070 5191 5359 531 12538 6073 6380 667 1660 1478 902 593 16315 9514 4386 2641 32002 429 635
internal_value=-0.000312807 0.00810903 0.00527065 -0.00627551 -0.0164734 -0.0499267 -0.00399551 -0.0175651 -0.0303834 -0.0509018 -0.0709969 0.00243234 0.0113031 0.0316116 0.0184467 -0.0168978 -0.0119797 0.00298147 0.021217 0.0403304 0.00233055 0.0220905 0.0453822 0.00211702 -1.41937e-05 0.00315783 0.0056272 0.0032216 0.0166701 -0.0378317
internal_weight=16945.4 7024.23 6816.75 9921.17 4569.62 1241.41 3328.22 631.01 524.255 369.142 283.827 5351.55 1522.71 613.474 155.113 1805.51 1633.13 6635.3 1063.17 528.408 534.758 345.615 238.491 6553.58 6075.93 5128.68 4756.11 4390.13 1492.68 170.321
internal_count=237202 109973 89979 127229 94832 58230 36602 4462 3715 2678 2032 32397 15380 10189 1037 21222 18611 73650 7370 3730 3640 2162 1495 71667 65287 55773 51387 48746 16744 1470
is_linear=0
shrinkage=0.1


Tree=47
num_leaves=31
num_cat=0
split_feature=0 11 8 13 19 11 11 0 0 19 13 10 3 13 13 11 1 14 3 8 5 4 7 19 23 22 0 4 17 19
split_gain=79.5401 238.373 76.8761 142.857 93.5253 83.3116 47.7642 49.0789 46.0634 52.042 42.2407 37.7013 42.6437 34.8602 33.6263 53.6565 32.7262 46.3016 32.47 31.3647 44.8335 34.7045 35.7135 33.6244 31.4216 29.3088 28.8083 28.2878 35.4203 30.4718
threshold=7.7082999276388895 20.500000000000004 -87.791699999999977 7.5000000000000009 2.0625368512500004 16.500000000000004 1.0000000180025095e-35 6.7725340231944449 1.0974312276388891 0.67235288138888893 6.5000000000000009 5.5000000000000009 10.589271721527778 22.500000000000004 7.5000000000000009 11.500000000000002 11.965403619166668 66.500000000000014 21.244381378333337 -87.876503499999984 19.500000000000004 9.5000000000000018 41.852929500000009 4.4922467944444451 33.500000000000007 6.5000000000000009 3.6667279748611117 14.500000000000002 0.016969721902254407 2.3979927490972228
decision_type=2 2 2 2 10 2 2 2 2 8 2 2 2 2 2 2 2 2 2 2 2 2 2 8 2 2 2 2 10 10
left_child=1 6 11 5 -5 -4 7 -1 10 14 -8 16 -13 -11 26 -16 18 -18 19 25 23 24 -23 -21 -22 27 -10 29 -29 -2
right_child=2 -3 3 4 -6 -7 8 -9 9 13 -12 12 -14 -15 15 -17 17 -19 -20 20 21 22 -24 -25 -26 -27 -28 28 -30 -31
leaf_value=0.083816979964934979 -0.063385084502681918 0.091751815023857888 -0.068807039566572636 -0.10012056686953015 -0.0114692339821241 -0.0012381149849977945 0.10079623220872087 0.0019610428561271927 0.023685556670543992 0.0013438881532556175 0.017759993521900365 0.0023865612089957289 -0.073620071795093667 0.03048997908657565 -0.079998947802431317 -0.01448096893597936 -0.0013501308835650637 0.083623721798808087 -0.03509479299476867 -0.053158171652655066 0.038548519767842952 0.080840212112891885 -0.00042001059931722737 0.023524222246275754 -0.048649602630425823 0.0057632201713269035 -0.016006892196771465 0.036216762727459557 -0.018825085405380353 -0.015595229528004738
leaf_weight=145.62831053044647 166.64157830178738 311.45454184431583 208.01574624888599 341.85361187998205 182.55132211139426 1486.3896116670221 66.97518273582682 147.37307525705546 244.77652961853892 6712.5454951631837 718.26720104366541 148.10877997009084 147.15927276387811 437.08533965051174 189.66864422382787 366.5953081115149 146.70935202669352 113.9157383851707 257.9799097138457 115.69973858073354 102.58450114354491 213.76541399769485 72.403870737180114 113.0608890671283 69.202792232856154 1733.8084408408031 722.79581789718941 209.18632812798023 265.05068706255406 669.28812325559556
leaf_count=9338 1123 27232 9096 38884 1692 12287 8893 827 5015 64877 5649 927 905 3379 10466 6444 827 586 1663 808 597 1277 702 667 732 10587 5227 1184 1536 3498
internal_value=-4.8261e-06 0.00563168 -0.00839134 -0.0236494 -0.06926 -0.0095333 0.00288114 0.0426453 0.00164937 -0.00045038 0.0248424 -0.000941827 -0.0354945 0.0031257 -0.0172289 -0.0368206 0.00145911 0.0357908 -0.000784163 0.00158844 0.0208929 0.0389518 0.0602805 -0.0152593 0.00342163 -0.00276662 -0.00596549 -0.0140546 0.00545392 -0.0251221
internal_weight=16826.5 10063.2 6763.38 2218.81 524.405 1694.41 9751.71 293.001 9458.71 8673.47 785.242 4544.57 295.268 7149.63 1523.84 556.264 4249.3 260.625 3988.67 3730.69 686.717 457.957 286.169 228.761 171.787 3043.98 967.572 1310.17 474.237 835.93
internal_count=236925 147347 89578 61959 40576 21383 120115 10165 109950 95408 14542 27619 1832 68256 27152 16910 25787 1413 24374 22711 4783 3308 1979 1475 1329 17928 10242 7341 2720 4621
is_linear=0
shrinkage=0.1


Tree=48
num_leaves=31
num_cat=0
split_feature=13 0 13 0 9 19 3 3 5 3 7 2 15 18 5 17 3 18 18 10 5 9 15 17 19 3 5 4 2 7
split_gain=66.9758 204.415 87.3879 105.044 73.907 71.2858 61.4518 65.5733 89.3098 59.4971 58.8467 63.5733 83.7409 58.2915 70.3732 145.185 73.4087 60.9081 98.9309 55.0254 53.2636 51.9499 57.0007 50.4971 49.7327 93.9646 68.9568 61.5308 107.595 55.8597
threshold=6.5000000000000009 3.7093005156944447 3.5000000000000004 7.7082999276388895 19.500000000000004 0.58705826375000014 35.321382520694449 24.25158618916667 60.500000000000007 8.5274670468055564 41.576878000000008 2.6166542791666676 0.2006289308176101 0.48291666666666672 18.500000000000004 0.0226843910806175 5.2079456156944453 21.713194444444451 35.71680555555556 5.5000000000000009 48.500000000000007 11.500000000000002 0.21483516483516488 0.07507225433526013 3.726790329930556 11.827604280972224 37.500000000000007 8.5000000000000018 6.5336961222222234 42.102547500000007
decision_type=2 2 2 2 2 8 2 2 2 2 2 2 8 10 2 10 2 10 10 2 2 2 10 8 8 2 2 2 2 2
left_child=1 -1 -3 -4 5 -2 7 19 -9 10 -6 -12 -13 -14 15 -15 20 -18 -19 23 -16 -21 -23 24 29 27 -27 28 -26 -7
right_child=4 2 3 -5 9 6 -8 8 -10 -11 11 12 13 14 16 -17 17 18 -20 21 -22 22 -24 -25 25 26 -28 -29 -30 -31
leaf_value=0.092600952810124953 -0.033132669773074962 -0.0052011300015169723 0.094691740799794102 0.014579183800979008 0.094982415380845925 0.0057292089225048238 0.1122459943344668 -0.14267992796564011 0.026315942419418828 -0.029652311983231386 0.02019212979322163 0.065610458574413874 -0.14225288263103242 0.0087293570001788102 0.1057201007487705 -0.13647166262322871 -0.066807237709165121 0.098213486452287904 -0.070768148430069941 0.0049698027322168936 0.0057259720954946402 0.03280696442397419 -0.082120537312865449 -0.010536741508674348 0.0031306981753149964 0.02217408132984609 0.095576560498330923 0.026570964688004489 -0.12026088397202016 -0.079326115784972631
leaf_weight=283.46185205038637 568.28433390008286 2895.3254962884821 186.50414016284049 1336.8098083348013 59.052072220481932 3996.4199662408791 51.641830469481647 71.22530936030671 55.747045821975917 1684.1609047553502 572.45291855093092 100.53361692652106 44.380209416616708 131.97213245928288 73.947375372983515 144.0011076242663 230.76241490757093 72.109928357880563 66.685939600691199 250.92781684268266 190.5042734448798 54.295376693829894 210.32862862991169 1453.9869763562456 419.00828219950199 246.685672191903 265.97592348186299 834.52419279236346 85.003918158821762 78.735179125331342
leaf_count=36088 17620 32394 14688 13172 357 45814 385 729 571 27891 3646 693 578 1810 835 1802 3220 833 923 2358 1814 439 2163 12959 2931 1495 1569 6537 479 508
internal_value=0.000162683 0.0102805 0.00499951 0.0243876 -0.00379749 0.0011007 0.00351004 0.00281013 -0.0684825 -0.0163574 -0.00308015 -0.00663857 -0.0211986 -0.0303431 -0.0248853 -0.0670356 -0.00653795 -0.0353224 0.0170245 0.00395657 0.0336869 -0.0276286 -0.0585398 0.00616295 0.0102601 0.0238518 0.0602563 0.00990877 -0.0176798 0.00408587
internal_weight=16715.5 4702.1 4418.64 1523.31 12013.4 8642.79 8074.51 8022.86 126.972 3370.56 1686.4 1627.35 1054.9 954.363 909.983 275.973 634.01 369.558 138.796 7895.89 264.452 515.552 264.624 7380.34 5926.35 1851.2 512.662 1338.54 504.012 4075.16
internal_count=237301 96342 60254 27860 140959 96557 78937 78552 1300 44402 16511 16154 12508 11815 11237 3612 7625 4976 1756 77252 2649 4960 2602 72292 59333 13011 3064 9947 3410 46322
is_linear=0
shrinkage=0.1


Tree=49
num_leaves=31
num_cat=0
split_feature=0 13 19 13 0 15 13 13 8 13 16 18 18 19 9 15 15 15 8 14 4 22 18 18 4 19 16 17 20 16
split_gain=65.1591 136.161 61.1311 70.1421 47.6202 74.6443 42.8433 42.0477 50.3322 94.5826 47.4679 46.8526 66.3789 46.0763 63.88 44.8628 74.4584 61.573 42.6295 68.8832 72.0088 56.7964 47.652 42.012 69.6868 75.4633 41.699 45.284 41.2312 45.4212
threshold=2.7118979233333342 6.5000000000000009 0.58121857659722231 7.5000000000000009 15.301009097222224 0.65657906785092945 22.500000000000004 7.5000000000000009 -87.848579999999984 14.500000000000002 0.15801713586291313 4.5954166666666678 3.4504166666666669 2.292291960694445 17.500000000000004 0.42895962732919263 0.31627983000980714 0.52865353037766838 -87.876503499999984 21.500000000000004 10.500000000000002 6.5000000000000009 9.8176388888888919 9.2159722222222253 25.500000000000004 3.7788723138888893 0.20049019607843141 0.017565899673807638 90.500000000000014 0.82360045467462351
decision_type=2 2 8 2 2 10 2 2 2 2 8 10 10 8 2 8 10 8 2 2 2 2 10 10 2 10 10 10 2 10
left_child=1 -1 3 -2 7 -6 -3 10 11 23 -4 12 13 14 -9 16 -15 -17 21 -20 -21 26 -23 -10 25 -25 27 -13 29 -12
right_child=2 6 4 -5 5 -7 -8 8 9 -11 28 18 -14 15 -16 17 -18 -19 19 20 -22 22 -24 24 -26 -27 -28 -29 -30 -31
leaf_value=0.10070967684355941 -0.010273615761486663 0.0059399448148032318 0.045002611738649716 -0.061894535692377989 -0.011270872561076497 -0.094282863203566825 0.08621916379472315 0.015168167870628824 -0.079728074825346551 -0.0010083703759115384 0.0059498983074078781 -0.099914494615494467 0.070771896013686775 0.02671720841497309 -0.10075969788738411 0.10268676576003039 -0.049169690151285035 -0.0011767079228622536 0.094638605419416558 -0.059818522099174987 0.038754504043510024 -0.030313180883126567 0.017266513566211325 -0.035312536694162795 -0.13059040024085072 0.084366958427985472 -0.012560789002542705 -0.024588499292213357 0.029649371514523043 -0.026970955470025693
leaf_weight=170.42407204164192 1146.4739883686416 2341.6408619116992 330.22833072347566 341.67147439206019 1114.1399283371866 119.9872029251419 68.420276844874024 107.30086808651686 266.30235044099391 1112.0174511009827 3401.2034360896796 122.90782093629241 200.71970497816801 430.19838665798306 85.333558086305857 126.03218076378107 184.85055347532034 104.32346238009632 106.96553599461913 118.54208606854081 197.71193193644285 265.11299296841025 1021.6862313598394 234.11444386094809 55.180832006037235 67.986005701124668 1447.6129847429693 227.60076094791293 620.85026699537411 477.99816759768873
leaf_count=26642 17355 19338 5755 24006 6495 10917 2411 572 10105 22818 37926 788 1138 2505 640 615 868 636 627 624 1205 1523 6007 10580 1898 438 7564 1528 7639 5845
internal_value=-0.000277079 0.0143274 -0.00296226 -0.0221255 -0.000689373 -0.0193417 0.00821903 0.00134543 -0.00391718 -0.0184896 0.00840815 0.00141091 0.0181298 0.00795067 -0.0361858 0.0180076 0.0039097 0.0556491 -0.00449269 0.0252689 0.00180619 -0.00857567 0.0074639 -0.0496634 -0.0272544 -0.00837934 -0.0200541 -0.051002 0.00572273 0.00189337
internal_weight=16615.5 2580.49 14035.1 1488.15 12546.9 1234.13 2410.06 11312.8 6482.5 1735.6 4830.28 4746.9 1238.76 1038.04 192.634 845.405 615.049 230.356 3508.14 423.22 316.254 3084.92 1286.8 623.584 357.281 302.1 1798.12 350.509 4500.05 3879.2
internal_count=237008 48391 188617 41361 147256 17412 21749 129844 72679 45839 57165 26840 6974 5836 1212 4624 3373 1251 19866 2456 1829 17410 7530 23021 12916 11018 9880 2316 51410 43771
is_linear=0
shrinkage=0.1


Tree=50
num_leaves=31
num_cat=0
split_feature=0 11 15 21 22 11 3 7 13 5 4 20 17 5 19 2 9 3 9 21 7 3 15 20 19 5 10 15 18 21
split_gain=60.7495 81.432 66.0528 80.0277 85.5902 59.4074 57.1579 50.1545 48.5601 52.5841 52.1546 62.3546 70.2414 60.5214 57.4673 58.8628 55.9944 54.957 54.3014 109.697 64.8733 49.7635 47.9505 46.4549 49.7528 46.3316 46.3187 61.7969 46.0626 75.3667
threshold=1.6362424300000002 5.5000000000000009 0.85192592592592609 11.500000000000002 31.500000000000004 7.5000000000000009 9.9244360725000007 42.028565500000006 7.5000000000000009 137.50000000000003 9.5000000000000018 1.0000000180025095e-35 0.051758483308146731 268.50000000000006 0.48304717458333341 2.0401599093055558 8.5000000000000018 9.7187152409722248 20.500000000000004 8.5000000000000018 41.728706500000008 19.64074786416667 0.40046082949308764 3.5000000000000004 2.3439951531250007 11.500000000000002 4.5000000000000009 0.35032467532467537 30.115138888888893 11.500000000000002
decision_type=2 2 10 2 2 2 2 2 2 2 2 2 10 2 10 2 2 2 2 2 2 2 10 2 10 2 2 10 10 2
left_child=1 -1 8 -4 7 -3 -6 -5 9 -2 13 12 -12 14 25 16 17 22 26 -20 -21 -18 -16 -22 -25 -10 -13 -28 -17 -30
right_child=2 5 3 4 6 -7 -8 -9 10 -11 11 18 -14 -15 15 28 21 -19 19 20 23 -23 -24 24 -26 -27 27 -29 29 -31
leaf_value=0.094554812964729312 0.0056514597205708358 -0.018804841115787365 0.12759517284119673 -0.054066758627923199 0.00059682103515530844 0.028665131852992951 -0.055110055563629981 0.0010620457417293925 -0.19148864381960334 0.038207856390529711 0.065785389063424932 0.0085978868622306175 -0.0073896724702608649 -0.092813412376175922 -0.039390876307271928 -0.03317461241615189 0.0033805139960240843 0.11154699740578243 0.0071487745257115031 0.092961121214739262 -0.16761780075814747 -0.074006455962787474 0.062978872921474388 -0.10252137428476596 0.059557970840581821 -0.045557273340366272 0.020035405585046653 -0.044773204864824841 0.024710899704478269 -0.086608371184415736
leaf_weight=134.14435909828171 3928.3748709219508 402.55285608675331 38.771182318218052 736.3917792274151 1774.2136612499598 763.95157586084679 205.52275542123243 212.69006194523536 26.318634219001979 567.8250340402592 315.23049162421376 2996.5126010924578 224.67670325003564 93.019367666915059 84.191113460808992 1031.1391877927817 1018.2991745597683 90.057118432130665 289.18503220938146 17.761848576366901 74.850590895861387 90.478191988542676 100.22837667865679 81.121518758591264 24.707667358219624 125.49724799161777 231.60753911547363 403.3778343773447 357.35681015066803 73.292636242229491
leaf_count=14360 50567 2871 258 23012 33834 10666 12804 4859 618 7452 2111 28949 1312 987 501 9984 9473 747 1497 98 399 875 1331 5081 236 2355 1427 4564 1962 1834
internal_value=2.54839e-05 0.0207687 -0.00174801 -0.0151331 -0.0170225 0.0122836 -0.00518629 -0.0417123 0.00149585 0.00976301 -0.00330105 0.00338006 0.0353344 -0.0133751 -0.0109094 -0.00771056 0.00707601 0.0475141 -0.000808292 -0.0321413 -0.089398 -0.0029344 0.0162451 -0.107325 -0.0646811 -0.0708558 0.00339901 -0.0211346 -0.0217027 0.00576537
internal_weight=16513.3 1300.65 15212.7 2967.59 2928.82 1166.5 1979.74 949.082 12245.1 4496.2 7748.91 4659.03 539.907 3089.88 2996.86 2845.04 1383.25 274.477 4119.12 487.627 198.442 1108.78 184.419 180.68 105.829 151.816 3631.5 634.985 1461.79 430.649
internal_count=237024 27897 209127 74767 74509 13537 46638 27871 134360 58019 76341 45674 3423 30667 29680 26707 12927 2579 42251 7311 5814 10348 1832 5716 5317 2973 34940 5991 13780 3796
is_linear=0
shrinkage=0.1


Tree=51
num_leaves=31
num_cat=0
split_feature=0 19 0 22 17 18 19 4 17 8 16 2 17 13 13 23 3 18 17 18 19 7 19 4 16 16 7 2 2 4
split_gain=56.8028 47.9444 62.5129 46.4431 45.8925 56.5407 55.3504 53.877 47.3864 43.5038 43.2671 43.5149 42.1322 41.6307 63.1009 41.509 40.8465 62.1978 35.002 33.7835 70.2721 42.9796 37.5232 37.6621 42.55 38.3342 44.9823 34.8627 33.2877 47.1358
threshold=1.0974312276388891 0.70472087937500005 10.797932945000001 8.5000000000000018 0.10015673981191224 3.1409722222222229 4.645596003125001 19.500000000000004 0.10539539804284583 -87.6182965 0.33408748114630471 4.1167588468055571 0.21807065217391305 7.5000000000000009 15.500000000000002 38.500000000000007 17.660811239166673 14.190000000000001 0.012072483482316364 5.4213888888888899 2.3439951531250007 41.752245000000009 3.4292581075694453 10.500000000000002 0.37537878787878792 0.38304780326056925 41.731588000000009 12.407109901388891 3.8173511659722226 14.500000000000002
decision_type=2 8 2 2 10 10 8 2 10 2 10 2 10 2 2 2 2 10 10 10 10 2 10 2 10 10 2 2 2 2
left_child=-1 2 13 4 6 -6 16 8 -7 -5 11 -10 -4 18 -15 -16 19 -18 -2 20 21 -3 23 24 -22 26 -25 28 -21 -30
right_child=1 3 12 9 5 7 -8 -9 10 -11 -12 -13 -14 14 15 -17 17 -19 -20 27 22 -23 -24 25 -26 -27 -28 -29 29 -31
leaf_value=0.025946738373412988 0.014397106642690014 -0.094462639709701299 -0.074472143548735201 0.0095158694912726022 -0.09869949090148282 -0.071076224895118376 0.012781618802858491 -0.081031235649372702 0.010160587650397445 -0.026281708494287993 -0.040495704271951066 0.10457246610396263 0.19675497994229885 -0.074005670002638566 0.1299871370967203 -0.015459271689232902 0.00089492971428132705 -0.089173375864745927 -0.01334733514145112 -0.0065625572172617807 -0.043232824204398904 -0.0061546060723367893 -0.0031620500190731021 0.14969121739953289 0.04790395545787543 0.012928511862537302 0.049334024530525739 0.039375671095821213 -0.051288013549069325 -0.0011917166149474638
leaf_weight=796.40783233568072 790.94162883074023 83.681609777268022 198.72169279144146 5776.215216225246 102.45471717463806 75.570548770483583 1790.5364686492831 103.92315477877855 149.17736795544624 360.68265737988986 92.065145791042596 72.565702140331268 5.8972337283194056 223.41663599805906 20.611032383516431 408.77589209517464 156.37499872921035 150.42421822575852 1069.6820745507721 2166.9456392915454 86.426896723918617 161.44254208076745 291.62840062286705 79.613572666421533 125.7879098225385 87.913220673799515 101.73554021585733 133.21305735595524 457.02881436608732 318.85415821382776
leaf_count=18590 11476 594 17482 88130 730 512 13738 783 1066 8085 810 484 138 15397 102 11423 1021 1140 16072 16240 563 1613 2086 521 879 716 740 871 3200 2118
internal_value=-0.000104818 -0.0014312 -0.0135036 0.00110769 -0.00459239 -0.0311011 -0.00204173 -0.0170614 1.17929e-05 0.00741195 0.017131 0.041057 -0.0666552 -0.00917649 -0.0309041 -0.00847769 -0.00807248 -0.0432657 -0.00155331 -0.00543532 0.010353 -0.0363016 0.0251456 0.0422914 0.0107875 0.0671207 0.0933916 -0.0106616 -0.0129266 -0.0307006
internal_weight=16438.7 15642.3 2718.05 12924.3 6787.36 595.757 6191.61 493.302 389.379 6136.9 313.808 221.743 204.619 2513.43 652.804 429.387 4401.07 306.799 1860.62 4094.27 1018.23 245.124 773.106 481.477 212.215 269.262 181.349 3076.04 2942.83 775.883
internal_count=237320 218730 72090 146640 50425 4385 46040 3655 2872 96215 2360 1550 17620 54470 26922 11525 32302 2161 27548 30141 7712 2207 5505 3419 1442 1977 1261 22429 21558 5318
is_linear=0
shrinkage=0.1


Tree=52
num_leaves=31
num_cat=0
split_feature=0 11 11 8 13 19 9 19 14 14 13 20 13 1 0 12 8 4 7 23 22 9 2 16 7 13 4 7 13 15
split_gain=50.6952 137.276 92.46 62.7701 123.277 111.603 57.2902 56.5023 41.7082 38.0102 46.903 46.7922 37.8458 33.8104 32.0599 29.2577 29.1637 87.8543 47.707 37.9933 27.4416 39.1686 53.3532 57.1241 44.3786 66.4527 34.3661 31.0521 45.6665 31.2539
threshold=5.4719195038888904 20.500000000000004 1.5000000000000002 -87.845629999999986 7.5000000000000009 2.0217900034722227 17.500000000000004 1.0411979229861112 13.500000000000002 124.50000000000001 17.500000000000004 1.5000000000000002 3.5000000000000004 14.231902171944446 0.1652728093055556 5.5000000000000009 -87.871435499999976 9.5000000000000018 41.641755500000009 30.500000000000004 8.5000000000000018 17.500000000000004 5.935139382361112 0.32701294033069739 41.983942500000005 10.500000000000002 7.5000000000000009 41.707920000000009 8.5000000000000018 0.29749450779370229
decision_type=2 2 2 2 2 10 2 10 2 2 2 2 2 2 2 2 2 2 2 2 2 2 2 10 2 2 2 2 2 10
left_child=1 2 -1 13 6 -6 7 -5 -9 10 -7 -12 -10 16 -4 -8 20 19 -19 -18 21 27 24 -24 25 26 -23 28 -2 -30
right_child=3 -3 14 4 5 9 15 8 12 -11 11 -13 -14 -15 -16 -17 17 18 -20 -21 -22 22 23 -25 -26 -27 -28 -29 29 -31
leaf_value=0.091247408605419633 -0.016689378023012558 0.10105322836354028 0.06945716665258779 -0.058550045393298514 -0.077509736015741848 -0.04867250878200291 0.0059327447913834529 -0.09023717471416598 -0.014105541385181612 0.056828408100023653 0.07319279277701253 -0.032079671736487986 0.062805650327916449 0.044579094013451337 0.0023458212810659315 -0.03820733154924727 0.023471769646936615 0.10949824637962442 0.025108264579004381 -0.062433729761577211 0.0083895889080100854 -0.058463269129260642 -0.10523684948487047 -0.0017904864475785768 0.022988389352801931 -0.069501778831575753 0.022287694942510993 -0.00702597505401268 0.010031384747226741 0.064886426157512778
leaf_weight=121.36671392084099 230.37759505677968 151.70879539079033 72.01289912732318 339.31475175917149 502.72810950432904 260.24254011502489 2304.3485513064079 43.956267707049847 170.70263639092445 71.265582054853439 81.989957012236118 87.051693761255592 102.33360861614347 184.21184226404876 6168.5809036307037 160.63511368306354 92.637262789532542 118.97756078699604 153.30378027958795 115.88746329257265 1883.2239852147177 68.88164496794343 140.4677955750376 86.102334488648921 259.18298677820712 218.79339984804392 224.38522586226463 1559.4719633902423 198.06390567868948 218.39019525796175
leaf_count=15890 1411 19312 2012 9736 54022 2016 21297 640 1982 392 415 779 1284 1044 69235 1549 534 1042 872 682 13218 552 705 659 1780 1370 1693 9012 947 1039
internal_value=0.000194908 0.00704323 0.00480144 -0.00432145 -0.013736 -0.0442296 -0.00393441 -0.0301903 0.000166522 -0.0108046 -0.0220324 0.0189804 0.0147207 0.00242899 0.00312025 0.00305628 0.00103453 0.0245756 0.0619838 -0.0242701 -0.00119034 -0.00682096 -0.0232618 -0.0659246 -0.0107286 -0.0277947 0.00332115 0.000614487 0.0190352 0.0387976
internal_weight=16390.6 6513.67 6361.96 9876.93 4124.57 1003.28 3121.29 656.307 316.993 500.55 429.284 169.042 273.036 5752.36 6240.59 2464.98 5568.15 480.806 272.281 208.525 5087.34 3204.12 997.813 226.57 771.243 512.06 293.267 2206.3 646.832 416.454
internal_count=237121 106449 87137 130672 94112 57624 36488 13642 3906 3602 3210 1194 3266 36560 71247 22846 35516 3130 1914 1216 32386 19168 6759 1364 5395 3615 2245 12409 3397 1986
is_linear=0
shrinkage=0.1


Tree=53
num_leaves=31
num_cat=0
split_feature=20 15 3 9 4 16 14 6 22 3 19 5 17 14 19 18 15 16 16 14 5 19 14 18 3 2 8 18 14 14
split_gain=46.5278 95.5717 85.0965 81.0811 75.6862 54.7987 64.8472 52.6184 73.4714 71.0434 55.3328 51.8 57.2274 48.5766 64.9322 50.8472 47.92 74.5486 77.4747 52.1595 72.7909 47.206 71.596 63.3621 45.8649 44.549 43.4134 41.2812 58.6845 46.6403
threshold=2.5000000000000004 0.15613918439716315 13.546574380138891 18.500000000000004 58.500000000000007 0.14768913971934108 4.5000000000000009 1.0000000180025095e-35 34.500000000000007 9.2899293554166693 0.87357359041666671 28.500000000000004 0.10355340622371742 5.5000000000000009 1.1389468204166666 43.964861111111119 0.33508771929824566 0.35247252747252755 0.42702481273408244 120.50000000000001 33.500000000000007 4.7913921181250014 29.500000000000004 11.402500000000002 7.6738373759722238 8.7900444680555569 -88.194681999999986 11.574583333333335 192.50000000000003 106.50000000000001
decision_type=2 10 2 2 2 10 2 2 2 2 10 2 10 2 10 8 10 10 10 2 2 8 2 10 2 2 2 10 2 2
left_child=5 -2 7 16 -5 11 -7 10 26 25 24 12 21 15 -15 -13 -4 -18 -19 -20 -21 22 -1 -24 -3 -10 -9 29 -29 -12
right_child=1 2 3 4 -6 6 -8 8 9 -11 27 13 -14 14 -16 -17 17 18 19 20 -22 -23 23 -25 -26 -27 -28 28 -30 -31
leaf_value=0.064692437851284451 -0.077992434979562389 0.0024933889059452399 0.030363059810276025 -0.0923459301700294 0.17277798846601816 0.068919991867152197 -0.0012676161375440493 0.0054089381057120661 0.014890302685193188 -0.041428693025726389 0.015146788700471687 -0.088853459226965192 -0.0708540052017122 0.10822221435596956 0.03405130579597309 0.031075728647581166 -0.14461598516033047 0.076087151167622991 -0.075310857497428774 0.18449475331613774 -0.11110677091728877 0.033605152370371844 -0.14328496221646056 -0.0055972889813913039 -0.037378805767196502 -0.10962743646130489 -0.024887264446221618 0.0074970302890631935 -0.11273633516189373 0.055022427484350434
leaf_weight=59.317096691578627 174.02254394930787 1008.5538467562292 173.8232555128634 249.0778855367098 11.254119049757717 135.76444623782299 4327.4227675308939 602.22771909297444 1870.4710752605461 274.7168540302664 897.55539758689702 56.579622626770288 94.249132261844352 145.78924583666958 619.88860340509564 94.228081123204902 51.903697671368718 70.158518958371133 140.49867720645852 20.130479528335854 14.21121251140721 382.21934856916778 60.388749016681686 74.847129228990525 404.08465012745 29.1808681411203 2203.9446979484055 1566.8667286180425 41.674810576718301 435.71537956595421
leaf_count=572 2437 21574 959 11852 218 954 32712 5097 36568 8913 12572 581 759 2464 6584 745 329 438 6818 704 703 4121 573 722 9890 2313 38804 20262 411 5364
internal_value=-0.000409317 -0.00451738 -0.00324713 -0.0361026 -0.0808847 0.00654308 0.000867401 -0.000674103 -0.00769415 0.0061037 0.0073553 0.0224999 0.00138928 0.0379565 0.0481739 -0.013919 -0.0113361 -0.0357491 -0.0126854 -0.0483073 0.0621695 0.0131944 -0.0269046 -0.0670809 -0.00891204 0.0129776 -0.0183854 0.0151668 0.00438197 0.0281782
internal_weight=16290.8 10240.1 10066 731.058 260.332 6050.69 4463.19 9334.99 4980.54 2174.37 4354.45 1587.51 671.021 916.486 765.678 150.808 470.726 296.903 244.999 174.84 34.3417 576.772 194.553 135.236 1412.64 1899.65 2806.17 2941.81 1608.54 1333.27
internal_count=237013 186226 183789 22021 12070 50787 33666 161768 91695 47794 70073 17121 6747 10374 9048 1326 9951 8992 8663 8225 1407 5988 1867 1295 31464 38881 43901 38609 20673 17936
is_linear=0
shrinkage=0.1


Tree=54
num_leaves=31
num_cat=0
split_feature=0 11 11 8 13 21 11 13 0 14 15 15 14 13 10 18 3 17 17 7 4 2 2 8 5 13 2 3 15 18
split_gain=43.0962 170.119 67.9641 43.1263 102.908 89.2157 48.9594 33.7251 33.8673 28.6664 58.7107 57.8696 31.1307 53.5903 34.8764 46.5645 43.2315 39.9591 40.9613 37.3587 33.9514 51.3094 48.8107 46.6847 40.8651 39.4984 39.1619 58.1626 36.0755 33.3668
threshold=6.8229034037500016 20.500000000000004 1.0000000180025095e-35 -87.845629999999986 7.5000000000000009 4.5000000000000009 17.500000000000004 22.500000000000004 0.10682725375000002 4.5000000000000009 0.24575783721599082 1.0000000180025095e-35 10.500000000000002 11.500000000000002 3.5000000000000004 2.1791666666666671 10.589271721527778 0.075809822361546514 0.092349498327759211 42.026891000000006 6.5000000000000009 4.8877764838888895 9.5093895752777797 -88.109293499999993 144.50000000000003 9.5000000000000018 2.117211146666667 13.702610308472224 0.27110723903057188 35.163333333333334
decision_type=2 2 2 2 2 2 2 2 2 2 10 10 2 2 2 10 2 10 10 2 2 2 2 2 2 2 2 2 10 10
left_child=1 2 -1 9 6 -6 -5 8 -4 10 -2 -11 13 -13 15 16 -14 -16 -19 20 21 23 24 -17 25 -22 27 -27 -28 -21
right_child=3 -3 7 4 5 -7 -8 -9 -10 11 -12 12 14 -15 17 19 -18 18 -20 29 22 -23 -24 -25 -26 26 28 -29 -30 -31
leaf_value=0.07256807755834159 -0.0093235814802894602 0.10093927947887427 0.086993809463048952 -0.034034520787049577 -0.018265753050084692 -0.089683109263279784 0.0026237977178843377 0.026921924229887675 -0.00070139678432820662 0.076213775537437412 0.086991744591489117 0.0061231481646043598 0.0030124462991710159 -0.083282854370321013 -0.0052061758388503854 -0.032163394782091889 0.06646564180402656 -0.092091556809193079 -0.015461981719076204 -0.043218383549066097 0.019789600200934229 -0.077398391349152121 0.06004840889560345 0.056376110779226496 0.058594509152840216 -0.0042603343064930048 0.05155364591958235 -0.10187673383388447 -0.021699415423964589 0.021217216867846125
leaf_weight=136.51299729198217 144.82056125439703 179.68403664813377 44.293373135151342 454.34595872554928 420.46785010583699 299.52044726442546 1838.8302487665787 487.71030100435019 7641.1104863320943 93.679807078558952 112.41636859159917 141.69081757357344 205.7199835171923 127.25564773380756 1277.6831699768081 143.20590820442885 224.59832838829607 116.7935080267489 173.20289835613221 312.29420973733068 491.23017228767276 110.58108123019338 195.75270870421082 101.94792560022324 131.22548419516534 133.78132458403707 107.02170549333096 112.25327511876822 180.81545439735055 108.21053567435592
leaf_count=9380 803 24550 1513 12684 2333 45673 14940 4088 92861 1178 680 887 1346 729 7844 923 1288 690 998 1854 3200 659 1077 575 777 722 539 655 1053 669
internal_value=-0.000251001 0.00467265 0.00259102 -0.00563784 -0.0149945 -0.0479759 -0.0046393 0.00142221 -0.000195982 0.000302313 0.0327677 -0.0015581 -0.00321571 -0.0361805 -0.00106712 0.00612916 0.0361309 -0.0128123 -0.0463239 6.32032e-05 0.00663739 -0.0208508 0.0138696 0.00465601 0.00605206 -0.000674013 -0.0195031 -0.0487978 0.00553705 -0.0266369
internal_weight=16248.7 8489.31 8309.63 7759.35 3013.16 719.988 2293.18 8173.11 7685.4 4746.18 257.237 4488.94 4395.26 268.946 4126.32 2558.64 430.318 1567.68 289.996 2128.32 1707.82 355.735 1352.08 245.154 1156.33 1025.1 533.872 246.035 287.837 420.505
internal_count=237168 132392 107842 104776 75630 48006 27624 98462 94374 29146 1483 27663 26485 1616 24869 15337 2634 9532 1688 12703 10180 2157 8023 1498 6946 6169 2969 1377 1592 2523
is_linear=0
shrinkage=0.1


end of trees

feature_importances:
hours_to_pickup_end=287
as_of_hour=253
pickup_end_hour=241
donor_prior_claim_rate=128
donor_median_claim_latency=121
pickup_window_hours=68
donor_prior_completion_rate=63
recipients_within_15km=60
donor_lng=43
donor_prior_listings=43
posted_hour=41
recipients_within_5km=33
donor_prior_cancel_rate=31
hours_since_posted=29
lead_time_hours=29
claims_within_15km_prior_7d=29
donor_lat=28
donor_hours_since_last_post=27
quantity_units=26
notes_length=26
open_listings_within_15km=20
posted_dow=18
as_of_dow=4
donor_verified=2

parameters:
[boosting: gbdt]
[objective: binary]
[metric: average_precision]
[tree_learner: serial]
[device_type: cpu]
[data_sample_strategy: bagging]
[data: ]
[valid: ]
[num_iterations: 500]
[learning_rate: 0.1]
[num_leaves: 31]
[num_threads: 4]
[seed: 20250808]
[deterministic: 1]
[force_col_wise: 0]
[force_row_wise: 1]
[histogram_pool_size: -1]
[max_depth: -1]
[min_data_in_leaf: 500]
[min_sum_hessian_in_leaf: 0.001]
[bagging_fraction: 0.9]
[pos_bagging_fraction: 1]
[neg_bagging_fraction: 1]
[bagging_freq: 1]
[bagging_seed: 20250808]
[bagging_by_query: 0]
[feature_fraction: 0.9]
[feature_fraction_bynode: 1]
[feature_fraction_seed: 20250808]
[extra_trees: 0]
[extra_seed: 15448]
[early_stopping_round: 0]
[early_stopping_min_delta: 0]
[first_metric_only: 0]
[max_delta_step: 0]
[lambda_l1: 0]
[lambda_l2: 0]
[linear_lambda: 0]
[min_gain_to_split: 0]
[drop_rate: 0.1]
[max_drop: 50]
[skip_drop: 0.5]
[xgboost_dart_mode: 0]
[uniform_drop: 0]
[drop_seed: 30270]
[top_rate: 0.2]
[other_rate: 0.1]
[min_data_per_group: 100]
[max_cat_threshold: 32]
[cat_l2: 10]
[cat_smooth: 10]
[max_cat_to_onehot: 4]
[top_k: 20]
[monotone_constraints: ]
[monotone_constraints_method: basic]
[monotone_penalty: 0]
[feature_contri: ]
[forcedsplits_filename: ]
[refit_decay_rate: 0.9]
[cegb_tradeoff: 1]
[cegb_penalty_split: 0]
[cegb_penalty_feature_lazy: ]
[cegb_penalty_feature_coupled: ]
[path_smooth: 0]
[interaction_constraints: ]
[verbosity: -1]
[saved_feature_importance_type: 0]
[use_quantized_grad: 0]
[num_grad_quant_bins: 4]
[quant_train_renew_leaf: 0]
[stochastic_rounding: 1]
[linear_tree: 0]
[max_bin: 255]
[max_bin_by_feature: ]
[min_data_in_bin: 3]
[bin_construct_sample_cnt: 200000]
[data_random_seed: 20250808]
[is_enable_sparse: 1]
[enable_bundle: 1]
[use_missing: 1]
[zero_as_missing: 0]
[feature_pre_filter: 1]
[pre_partition: 0]
[two_round: 0]
[header: 0]
[label_column: ]
[weight_column: ]
[group_column: ]
[ignore_column: ]
[categorical_feature: ]
[forcedbins_filename: ]
[precise_float_parser: 0]
[parser_config_file: ]
[objective_seed: 5857]
[num_class: 1]
[is_unbalance: 0]
[scale_pos_weight: 1]
[sigmoid: 1]
[boost_from_average: 1]
[reg_sqrt: 0]
[alpha: 0.9]
[fair_c: 1]
[poisson_max_delta_step: 0.7]
[tweedie_variance_power: 1.5]
[lambdarank_truncation_level: 30]
[lambdarank_norm: 1]
[label_gain: ]
[lambdarank_position_bias_regularization: 0]
[eval_at: ]
[multi_error_top_k: 1]
[auc_mu_weights: ]
[num_machines: 1]
[local_listen_port: 12400]
[time_out: 120]
[machine_list_filename: ]
[machines: ]
[gpu_platform_id: -1]
[gpu_device_id: -1]
[gpu_device_id_list: ]
[gpu_use_dp: 0]
[num_gpu: 1]

end of parameters

pandas_categorical:null
